2025.05.20 19:33:56 INFO  Started: Metals version 1.5.3 in folders '/Users/williamwilson/Projects/scells' for client Visual Studio Code 1.100.2.
2025.05.20 19:33:58 WARN  Unsupported sbt version 0.13.5
2025.05.20 19:33:58 WARN  Build server is not auto-connectable.
May 20, 2025 7:34:12 PM org.eclipse.lsp4j.jsonrpc.services.GenericEndpoint notify
INFO: Unsupported notification method: $/setTrace
May 20, 2025 7:34:12 PM org.eclipse.lsp4j.jsonrpc.services.GenericEndpoint notify
INFO: Unsupported notification method: $/setTrace
May 20, 2025 7:34:13 PM org.eclipse.lsp4j.jsonrpc.services.GenericEndpoint notify
INFO: Unsupported notification method: $/setTrace
May 20, 2025 7:34:13 PM org.eclipse.lsp4j.jsonrpc.services.GenericEndpoint notify
INFO: Unsupported notification method: $/setTrace
May 20, 2025 7:34:13 PM org.eclipse.lsp4j.jsonrpc.services.GenericEndpoint notify
INFO: Unsupported notification method: $/setTrace
May 20, 2025 7:34:13 PM org.eclipse.lsp4j.jsonrpc.services.GenericEndpoint notify
INFO: Unsupported notification method: $/setTrace
May 20, 2025 7:34:13 PM org.eclipse.lsp4j.jsonrpc.services.GenericEndpoint notify
INFO: Unsupported notification method: $/setTrace
May 20, 2025 7:34:13 PM org.eclipse.lsp4j.jsonrpc.services.GenericEndpoint notify
INFO: Unsupported notification method: $/setTrace
May 20, 2025 7:34:14 PM org.eclipse.lsp4j.jsonrpc.services.GenericEndpoint notify
INFO: Unsupported notification method: $/setTrace
May 20, 2025 7:34:14 PM org.eclipse.lsp4j.jsonrpc.services.GenericEndpoint notify
INFO: Unsupported notification method: $/setTrace
May 20, 2025 7:34:14 PM org.eclipse.lsp4j.jsonrpc.services.GenericEndpoint notify
INFO: Unsupported notification method: $/setTrace
May 20, 2025 7:34:14 PM org.eclipse.lsp4j.jsonrpc.services.GenericEndpoint notify
INFO: Unsupported notification method: $/setTrace
May 20, 2025 7:34:14 PM org.eclipse.lsp4j.jsonrpc.services.GenericEndpoint notify
INFO: Unsupported notification method: $/setTrace
May 20, 2025 7:34:14 PM org.eclipse.lsp4j.jsonrpc.services.GenericEndpoint notify
INFO: Unsupported notification method: $/setTrace
2025.05.20 19:34:46 INFO  no build target found for /Users/williamwilson/Projects/scells/src/main/scala/org/kleemann/scells/Spreadsheet.scala. Using presentation compiler with project's scala-library version: 3.3.6
2025.05.20 19:34:46 WARN  no build target for: /Users/williamwilson/Projects/scells/src/main/scala/org/kleemann/scells/Spreadsheet.scala
2025.05.20 19:35:17 INFO  running '/Users/williamwilson/Library/Application Support/Coursier/bin/sbt -Dbloop.export-jar-classifiers=sources bloopInstall'
2025.05.20 19:35:17 INFO  no build target found for /Users/williamwilson/Projects/scells/project/metals.sbt. Using presentation compiler with project's scala-library version: 3.3.6
2025.05.20 19:35:17 WARN  no build target for: /Users/williamwilson/Projects/scells/project/metals.sbt
2025.05.20 19:35:17 WARN  no build target for: /Users/williamwilson/Projects/scells/project/project/metals.sbt
2025.05.20 19:35:17 ERROR /Users/williamwilson/Library/Application Support/Coursier/bin/sbt: line 2: /Users/williamwilson/Library/Caches/Coursier/arc/https/github.com/sbt/sbt/releases/download/v1.6.2/sbt-1.6.2.zip/sbt/bin/sbt: No such file or directory
2025.05.20 19:35:17 ERROR /Users/williamwilson/Library/Application Support/Coursier/bin/sbt: line 2: exec: /Users/williamwilson/Library/Caches/Coursier/arc/https/github.com/sbt/sbt/releases/download/v1.6.2/sbt-1.6.2.zip/sbt/bin/sbt: cannot execute: No such file or directory
2025.05.20 19:35:17 INFO  time: ran 'sbt bloopInstall' in 0.42s
2025.05.20 19:35:17 ERROR sbt command failed: /Users/williamwilson/Library/Application Support/Coursier/bin/sbt -Dbloop.export-jar-classifiers=sources bloopInstall
2025.05.20 19:35:17 INFO  no build target found for /Users/williamwilson/Projects/scells/project/project/metals.sbt. Using presentation compiler with project's scala-library version: 3.3.6
2025.05.20 19:35:39 INFO  no build target found for /Users/williamwilson/Projects/scells/project/metals.sbt. Using presentation compiler with project's scala-library version: 3.3.6
2025.05.20 19:35:39 WARN  no build target for: /Users/williamwilson/Projects/scells/project/metals.sbt
2025.05.20 19:35:39 INFO  no build target found for /Users/williamwilson/Projects/scells/project/metals.sbt. Using presentation compiler with project's scala-library version: 3.3.6
2025.05.20 19:35:39 WARN  Could not find semantic tokens for: file:///Users/williamwilson/Projects/scells/project/metals.sbt
2025.05.20 19:35:39 INFO  no build target found for /Users/williamwilson/Projects/scells/project/metals.sbt. Using presentation compiler with project's scala-library version: 3.3.6
2025.05.20 19:35:39 WARN  Could not find semantic tokens for: file:///Users/williamwilson/Projects/scells/project/metals.sbt
2025.05.20 19:35:45 INFO  no build target found for /Users/williamwilson/Projects/scells/project/metals.sbt. Using presentation compiler with project's scala-library version: 3.3.6
2025.05.20 19:35:45 INFO  no build target found for /Users/williamwilson/Projects/scells/project/project/metals.sbt. Using presentation compiler with project's scala-library version: 3.3.6
2025.05.20 19:35:45 WARN  no build target for: /Users/williamwilson/Projects/scells/project/project/metals.sbt
2025.05.20 19:35:45 INFO  no build target found for /Users/williamwilson/Projects/scells/project/project/metals.sbt. Using presentation compiler with project's scala-library version: 3.3.6
2025.05.20 19:35:45 WARN  Could not find semantic tokens for: file:///Users/williamwilson/Projects/scells/project/project/metals.sbt
2025.05.20 19:35:45 INFO  no build target found for /Users/williamwilson/Projects/scells/project/project/metals.sbt. Using presentation compiler with project's scala-library version: 3.3.6
2025.05.20 19:35:45 WARN  Could not find semantic tokens for: file:///Users/williamwilson/Projects/scells/project/project/metals.sbt
2025.05.20 19:35:50 INFO  no build target found for /Users/williamwilson/Projects/scells/project/project/metals.sbt. Using presentation compiler with project's scala-library version: 3.3.6
2025.05.20 19:35:50 INFO  no build target found for /Users/williamwilson/Projects/scells/project/metals.sbt. Using presentation compiler with project's scala-library version: 3.3.6
2025.05.20 19:35:50 WARN  no build target for: /Users/williamwilson/Projects/scells/project/metals.sbt
2025.05.20 19:35:50 INFO  no build target found for /Users/williamwilson/Projects/scells/project/metals.sbt. Using presentation compiler with project's scala-library version: 3.3.6
2025.05.20 19:35:50 INFO  no build target found for /Users/williamwilson/Projects/scells/project/metals.sbt. Using presentation compiler with project's scala-library version: 3.3.6
2025.05.20 19:35:50 WARN  Could not find semantic tokens for: file:///Users/williamwilson/Projects/scells/project/metals.sbt
2025.05.20 19:35:50 INFO  no build target found for /Users/williamwilson/Projects/scells/project/metals.sbt. Using presentation compiler with project's scala-library version: 3.3.6
2025.05.20 19:35:50 WARN  Could not find semantic tokens for: file:///Users/williamwilson/Projects/scells/project/metals.sbt
2025.05.20 19:35:56 INFO  no build target found for /Users/williamwilson/Projects/scells/project/metals.sbt. Using presentation compiler with project's scala-library version: 3.3.6
2025.05.20 19:35:56 INFO  no build target found for /Users/williamwilson/Projects/scells/project/project/metals.sbt. Using presentation compiler with project's scala-library version: 3.3.6
2025.05.20 19:35:56 INFO  no build target found for /Users/williamwilson/Projects/scells/project/project/metals.sbt. Using presentation compiler with project's scala-library version: 3.3.6
2025.05.20 19:35:56 WARN  no build target for: /Users/williamwilson/Projects/scells/project/project/metals.sbt
2025.05.20 19:35:56 INFO  no build target found for /Users/williamwilson/Projects/scells/project/project/metals.sbt. Using presentation compiler with project's scala-library version: 3.3.6
2025.05.20 19:35:56 WARN  Could not find semantic tokens for: file:///Users/williamwilson/Projects/scells/project/project/metals.sbt
2025.05.20 19:35:56 INFO  no build target found for /Users/williamwilson/Projects/scells/project/project/metals.sbt. Using presentation compiler with project's scala-library version: 3.3.6
2025.05.20 19:35:56 INFO  no build target found for /Users/williamwilson/Projects/scells/project/project/metals.sbt. Using presentation compiler with project's scala-library version: 3.3.6
2025.05.20 19:35:56 WARN  Could not find semantic tokens for: file:///Users/williamwilson/Projects/scells/project/project/metals.sbt
2025.05.20 19:37:46 INFO  no build target found for /Users/williamwilson/Projects/scells/src/main/scala/org/kleemann/scells/Spreadsheet.scala. Using presentation compiler with project's scala-library version: 3.3.6
2025.05.20 19:39:09 WARN  no build target for: /Users/williamwilson/Projects/scells/project/project/metals.sbt
2025.05.20 19:39:09 INFO  no build target found for /Users/williamwilson/Projects/scells/project/project/metals.sbt. Using presentation compiler with project's scala-library version: 3.3.6
2025.05.20 19:39:09 WARN  Could not find semantic tokens for: file:///Users/williamwilson/Projects/scells/project/project/metals.sbt
May 20, 2025 7:39:28 PM org.eclipse.lsp4j.jsonrpc.services.GenericEndpoint notify
INFO: Unsupported notification method: $/setTrace
2025.05.20 19:40:02 INFO  no build target found for /Users/williamwilson/Projects/scells/project/project/metals.sbt. Using presentation compiler with project's scala-library version: 3.3.6
2025.05.20 19:40:02 INFO  no build target found for /Users/williamwilson/Projects/scells/project/metals.sbt. Using presentation compiler with project's scala-library version: 3.3.6
2025.05.20 19:40:02 INFO  no build target found for /Users/williamwilson/Projects/scells/project/metals.sbt. Using presentation compiler with project's scala-library version: 3.3.6
2025.05.20 19:40:02 WARN  no build target for: /Users/williamwilson/Projects/scells/project/metals.sbt
2025.05.20 19:40:02 INFO  no build target found for /Users/williamwilson/Projects/scells/project/metals.sbt. Using presentation compiler with project's scala-library version: 3.3.6
2025.05.20 19:40:02 WARN  Could not find semantic tokens for: file:///Users/williamwilson/Projects/scells/project/metals.sbt
2025.05.20 19:40:02 INFO  no build target found for /Users/williamwilson/Projects/scells/project/metals.sbt. Using presentation compiler with project's scala-library version: 3.3.6
2025.05.20 19:40:02 INFO  no build target found for /Users/williamwilson/Projects/scells/project/metals.sbt. Using presentation compiler with project's scala-library version: 3.3.6
2025.05.20 19:40:02 WARN  Could not find semantic tokens for: file:///Users/williamwilson/Projects/scells/project/metals.sbt
2025.05.20 19:40:20 ERROR scala.meta.internal.metals.debug.DiscoveryFailures$BuildTargetNotFoundForPathException: No build target could be found for the path: /Users/williamwilson/Projects/scells/project/metals.sbt
	at scala.meta.internal.metals.debug.DebugDiscovery.validate(DebugDiscovery.scala:94)
	at scala.meta.internal.metals.debug.DebugDiscovery.debugDiscovery(DebugDiscovery.scala:170)
	at scala.meta.internal.metals.debug.DebugDiscovery.runCommandDiscovery(DebugDiscovery.scala:61)
	at scala.meta.internal.metals.MetalsLspService.discoverMainClasses(MetalsLspService.scala:1478)
	at scala.meta.internal.metals.WorkspaceLspService.executeCommand(WorkspaceLspService.scala:904)
	at scala.meta.metals.lsp.DelegatingScalaService.executeCommand(DelegatingScalaService.scala:169)
	at jdk.internal.reflect.GeneratedMethodAccessor2.invoke(null)
	at jdk.internal.reflect.DelegatingMethodAccessorImpl.invoke(DelegatingMethodAccessorImpl.java:43)
	at java.lang.reflect.Method.invoke(Method.java:568)
	at org.eclipse.lsp4j.jsonrpc.services.GenericEndpoint.lambda$recursiveFindRpcMethods$0(GenericEndpoint.java:65)
	at org.eclipse.lsp4j.jsonrpc.services.GenericEndpoint.request(GenericEndpoint.java:128)
	at org.eclipse.lsp4j.jsonrpc.RemoteEndpoint.handleRequest(RemoteEndpoint.java:271)
	at org.eclipse.lsp4j.jsonrpc.RemoteEndpoint.consume(RemoteEndpoint.java:201)
	at org.eclipse.lsp4j.jsonrpc.json.StreamMessageProducer.handleMessage(StreamMessageProducer.java:185)
	at org.eclipse.lsp4j.jsonrpc.json.StreamMessageProducer.listen(StreamMessageProducer.java:97)
	at org.eclipse.lsp4j.jsonrpc.json.ConcurrentMessageProcessor.run(ConcurrentMessageProcessor.java:114)
	at java.util.concurrent.Executors$RunnableAdapter.call(Executors.java:539)
	at java.util.concurrent.FutureTask.run(FutureTask.java:264)
	at java.util.concurrent.ThreadPoolExecutor.runWorker(ThreadPoolExecutor.java:1136)
	at java.util.concurrent.ThreadPoolExecutor$Worker.run(ThreadPoolExecutor.java:635)
	at java.lang.Thread.run(Thread.java:833)

2025.05.20 19:40:20 WARN  no build target for: /Users/williamwilson/Projects/scells/project/metals.sbt
2025.05.20 19:40:20 ERROR scala.meta.internal.metals.debug.DiscoveryFailures$BuildTargetNotFoundForPathException: No build target could be found for the path: /Users/williamwilson/Projects/scells/project/metals.sbt
	at scala.meta.internal.metals.debug.DebugDiscovery.validate(DebugDiscovery.scala:94)
	at scala.meta.internal.metals.debug.DebugDiscovery.debugDiscovery(DebugDiscovery.scala:170)
	at scala.meta.internal.metals.MetalsLspService.debugDiscovery(MetalsLspService.scala:1445)
	at scala.meta.internal.metals.WorkspaceLspService.executeCommand(WorkspaceLspService.scala:1100)
	at scala.meta.metals.lsp.DelegatingScalaService.executeCommand(DelegatingScalaService.scala:169)
	at jdk.internal.reflect.GeneratedMethodAccessor2.invoke(null)
	at jdk.internal.reflect.DelegatingMethodAccessorImpl.invoke(DelegatingMethodAccessorImpl.java:43)
	at java.lang.reflect.Method.invoke(Method.java:568)
	at org.eclipse.lsp4j.jsonrpc.services.GenericEndpoint.lambda$recursiveFindRpcMethods$0(GenericEndpoint.java:65)
	at org.eclipse.lsp4j.jsonrpc.services.GenericEndpoint.request(GenericEndpoint.java:128)
	at org.eclipse.lsp4j.jsonrpc.RemoteEndpoint.handleRequest(RemoteEndpoint.java:271)
	at org.eclipse.lsp4j.jsonrpc.RemoteEndpoint.consume(RemoteEndpoint.java:201)
	at org.eclipse.lsp4j.jsonrpc.json.StreamMessageProducer.handleMessage(StreamMessageProducer.java:185)
	at org.eclipse.lsp4j.jsonrpc.json.StreamMessageProducer.listen(StreamMessageProducer.java:97)
	at org.eclipse.lsp4j.jsonrpc.json.ConcurrentMessageProcessor.run(ConcurrentMessageProcessor.java:114)
	at java.util.concurrent.Executors$RunnableAdapter.call(Executors.java:539)
	at java.util.concurrent.FutureTask.run(FutureTask.java:264)
	at java.util.concurrent.ThreadPoolExecutor.runWorker(ThreadPoolExecutor.java:1136)
	at java.util.concurrent.ThreadPoolExecutor$Worker.run(ThreadPoolExecutor.java:635)
	at java.lang.Thread.run(Thread.java:833)

2025.05.20 19:40:20 INFO  no build target found for /Users/williamwilson/Projects/scells/project/metals.sbt. Using presentation compiler with project's scala-library version: 3.3.6
2025.05.20 19:40:20 WARN  Could not find semantic tokens for: file:///Users/williamwilson/Projects/scells/project/metals.sbt
2025.05.20 19:40:20 INFO  no build target found for /Users/williamwilson/Projects/scells/project/metals.sbt. Using presentation compiler with project's scala-library version: 3.3.6
2025.05.20 19:40:20 WARN  Could not find semantic tokens for: file:///Users/williamwilson/Projects/scells/project/metals.sbt
2025.05.20 19:40:38 INFO  no build target found for /Users/williamwilson/Projects/scells/project/metals.sbt. Using presentation compiler with project's scala-library version: 3.3.6
2025.05.20 19:40:38 WARN  no build target for: /Users/williamwilson/Projects/scells/project/metals.sbt
2025.05.20 19:40:39 INFO  no build target found for /Users/williamwilson/Projects/scells/project/metals.sbt. Using presentation compiler with project's scala-library version: 3.3.6
2025.05.20 19:40:39 WARN  Could not find semantic tokens for: file:///Users/williamwilson/Projects/scells/project/metals.sbt
2025.05.20 19:43:07 WARN  no build target for: /Users/williamwilson/Projects/scells/project/metals.sbt
2025.05.20 19:43:07 INFO  no build target found for /Users/williamwilson/Projects/scells/project/metals.sbt. Using presentation compiler with project's scala-library version: 3.3.6
2025.05.20 19:43:07 INFO  no build target found for /Users/williamwilson/Projects/scells/project/metals.sbt. Using presentation compiler with project's scala-library version: 3.3.6
2025.05.20 19:43:07 WARN  Could not find semantic tokens for: file:///Users/williamwilson/Projects/scells/project/metals.sbt
2025.05.20 19:43:11 INFO  no build target found for /Users/williamwilson/Projects/scells/project/project/metals.sbt. Using presentation compiler with project's scala-library version: 3.3.6
2025.05.20 19:43:11 INFO  no build target found for /Users/williamwilson/Projects/scells/project/project/metals.sbt. Using presentation compiler with project's scala-library version: 3.3.6
2025.05.20 19:43:11 WARN  no build target for: /Users/williamwilson/Projects/scells/project/project/metals.sbt
2025.05.20 19:43:11 INFO  no build target found for /Users/williamwilson/Projects/scells/project/project/metals.sbt. Using presentation compiler with project's scala-library version: 3.3.6
2025.05.20 19:43:11 WARN  Could not find semantic tokens for: file:///Users/williamwilson/Projects/scells/project/project/metals.sbt
2025.05.20 19:43:12 INFO  no build target found for /Users/williamwilson/Projects/scells/project/project/metals.sbt. Using presentation compiler with project's scala-library version: 3.3.6
2025.05.20 19:43:12 WARN  Could not find semantic tokens for: file:///Users/williamwilson/Projects/scells/project/project/metals.sbt
2025.05.20 19:43:17 INFO  no build target found for /Users/williamwilson/Projects/scells/project/project/metals.sbt. Using presentation compiler with project's scala-library version: 3.3.6
2025.05.20 19:43:17 INFO  no build target found for /Users/williamwilson/Projects/scells/src/main/scala/org/kleemann/scells/Main.scala. Using presentation compiler with project's scala-library version: 3.3.6
2025.05.20 19:43:17 INFO  no build target found for /Users/williamwilson/Projects/scells/src/main/scala/org/kleemann/scells/Main.scala. Using presentation compiler with project's scala-library version: 3.3.6
2025.05.20 19:43:17 WARN  no build target for: /Users/williamwilson/Projects/scells/src/main/scala/org/kleemann/scells/Main.scala
2025.05.20 19:43:17 INFO  no build target found for /Users/williamwilson/Projects/scells/src/main/scala/org/kleemann/scells/Main.scala. Using presentation compiler with project's scala-library version: 3.3.6
2025.05.20 19:43:17 INFO  no build target found for /Users/williamwilson/Projects/scells/src/main/scala/org/kleemann/scells/Main.scala. Using presentation compiler with project's scala-library version: 3.3.6
2025.05.20 19:43:20 INFO  no build target found for /Users/williamwilson/Projects/scells/src/main/scala/org/kleemann/scells/Main.scala. Using presentation compiler with project's scala-library version: 3.3.6
2025.05.20 19:43:25 INFO  no build target found for /Users/williamwilson/Projects/scells/src/main/scala/org/kleemann/scells/Main.scala. Using presentation compiler with project's scala-library version: 3.3.6
2025.05.20 19:43:25 INFO  no build target found for /Users/williamwilson/Projects/scells/build.sbt. Using presentation compiler with project's scala-library version: 3.3.6
2025.05.20 19:43:25 INFO  no build target found for /Users/williamwilson/Projects/scells/build.sbt. Using presentation compiler with project's scala-library version: 3.3.6
2025.05.20 19:43:26 INFO  no build target found for /Users/williamwilson/Projects/scells/build.sbt. Using presentation compiler with project's scala-library version: 3.3.6
2025.05.20 19:43:26 WARN  no build target for: /Users/williamwilson/Projects/scells/build.sbt
2025.05.20 19:43:26 WARN  Could not find semantic tokens for: file:///Users/williamwilson/Projects/scells/build.sbt
2025.05.20 19:43:25 INFO  no build target found for /Users/williamwilson/Projects/scells/build.sbt. Using presentation compiler with project's scala-library version: 3.3.6
2025.05.20 19:43:26 INFO  no build target found for /Users/williamwilson/Projects/scells/build.sbt. Using presentation compiler with project's scala-library version: 3.3.6
2025.05.20 19:43:26 WARN  Could not find semantic tokens for: file:///Users/williamwilson/Projects/scells/build.sbt
2025.05.20 19:43:50 INFO  no build target found for /Users/williamwilson/Projects/scells/build.sbt. Using presentation compiler with project's scala-library version: 3.3.6
2025.05.20 19:43:50 INFO  no build target found for /Users/williamwilson/Projects/scells/build.sbt. Using presentation compiler with project's scala-library version: 3.3.6
2025.05.20 19:43:50 INFO  no build target found for /Users/williamwilson/Projects/scells/build.sbt. Using presentation compiler with project's scala-library version: 3.3.6
2025.05.20 19:43:50 WARN  Could not find semantic tokens for: file:///Users/williamwilson/Projects/scells/build.sbt
2025.05.20 19:43:50 INFO  no build target found for /Users/williamwilson/Projects/scells/build.sbt. Using presentation compiler with project's scala-library version: 3.3.6
2025.05.20 19:43:50 INFO  no build target found for /Users/williamwilson/Projects/scells/build.sbt. Using presentation compiler with project's scala-library version: 3.3.6
2025.05.20 19:43:53 WARN  no build target for: /Users/williamwilson/Projects/scells/build.sbt
2025.05.20 19:43:53 INFO  no build target found for /Users/williamwilson/Projects/scells/build.sbt. Using presentation compiler with project's scala-library version: 3.3.6
2025.05.20 19:43:53 WARN  Could not find semantic tokens for: file:///Users/williamwilson/Projects/scells/build.sbt
2025.05.20 19:43:53 INFO  no build target found for /Users/williamwilson/Projects/scells/build.sbt. Using presentation compiler with project's scala-library version: 3.3.6
2025.05.20 19:43:54 INFO  no build target found for /Users/williamwilson/Projects/scells/build.sbt. Using presentation compiler with project's scala-library version: 3.3.6
2025.05.20 19:43:54 WARN  Could not find semantic tokens for: file:///Users/williamwilson/Projects/scells/build.sbt
2025.05.20 19:44:45 INFO  no build target found for /Users/williamwilson/Projects/scells/build.sbt. Using presentation compiler with project's scala-library version: 3.3.6
2025.05.20 19:44:49 INFO  no build target found for /Users/williamwilson/Projects/scells/build.sbt. Using presentation compiler with project's scala-library version: 3.3.6
2025.05.20 19:44:49 INFO  no build target found for /Users/williamwilson/Projects/scells/build.sbt. Using presentation compiler with project's scala-library version: 3.3.6
2025.05.20 19:44:49 INFO  no build target found for /Users/williamwilson/Projects/scells/build.sbt. Using presentation compiler with project's scala-library version: 3.3.6
2025.05.20 19:44:49 INFO  no build target found for /Users/williamwilson/Projects/scells/build.sbt. Using presentation compiler with project's scala-library version: 3.3.6
2025.05.20 19:44:52 INFO  no build target found for /Users/williamwilson/Projects/scells/build.sbt. Using presentation compiler with project's scala-library version: 3.3.6
2025.05.20 19:44:52 INFO  no build target found for /Users/williamwilson/Projects/scells/build.sbt. Using presentation compiler with project's scala-library version: 3.3.6
2025.05.20 19:44:52 INFO  no build target found for /Users/williamwilson/Projects/scells/build.sbt. Using presentation compiler with project's scala-library version: 3.3.6
2025.05.20 19:44:55 INFO  no build target found for /Users/williamwilson/Projects/scells/build.sbt. Using presentation compiler with project's scala-library version: 3.3.6
2025.05.20 19:44:55 INFO  no build target found for /Users/williamwilson/Projects/scells/build.sbt. Using presentation compiler with project's scala-library version: 3.3.6
2025.05.20 19:44:56 INFO  no build target found for /Users/williamwilson/Projects/scells/build.sbt. Using presentation compiler with project's scala-library version: 3.3.6
2025.05.20 19:44:56 INFO  no build target found for /Users/williamwilson/Projects/scells/build.sbt. Using presentation compiler with project's scala-library version: 3.3.6
2025.05.20 19:44:56 INFO  no build target found for /Users/williamwilson/Projects/scells/build.sbt. Using presentation compiler with project's scala-library version: 3.3.6
2025.05.20 19:44:56 WARN  Could not find semantic tokens for: file:///Users/williamwilson/Projects/scells/build.sbt
2025.05.20 19:44:56 INFO  no build target found for /Users/williamwilson/Projects/scells/build.sbt. Using presentation compiler with project's scala-library version: 3.3.6
2025.05.20 19:44:56 INFO  no build target found for /Users/williamwilson/Projects/scells/build.sbt. Using presentation compiler with project's scala-library version: 3.3.6
2025.05.20 19:44:56 INFO  no build target found for /Users/williamwilson/Projects/scells/build.sbt. Using presentation compiler with project's scala-library version: 3.3.6
2025.05.20 19:44:56 INFO  no build target found for /Users/williamwilson/Projects/scells/build.sbt. Using presentation compiler with project's scala-library version: 3.3.6
2025.05.20 19:44:57 INFO  no build target found for /Users/williamwilson/Projects/scells/build.sbt. Using presentation compiler with project's scala-library version: 3.3.6
2025.05.20 19:44:57 INFO  no build target found for /Users/williamwilson/Projects/scells/build.sbt. Using presentation compiler with project's scala-library version: 3.3.6
2025.05.20 19:44:57 INFO  no build target found for /Users/williamwilson/Projects/scells/build.sbt. Using presentation compiler with project's scala-library version: 3.3.6
2025.05.20 19:44:57 INFO  no build target found for /Users/williamwilson/Projects/scells/build.sbt. Using presentation compiler with project's scala-library version: 3.3.6
2025.05.20 19:44:57 INFO  no build target found for /Users/williamwilson/Projects/scells/build.sbt. Using presentation compiler with project's scala-library version: 3.3.6
2025.05.20 19:44:58 INFO  no build target found for /Users/williamwilson/Projects/scells/build.sbt. Using presentation compiler with project's scala-library version: 3.3.6
2025.05.20 19:44:58 INFO  no build target found for /Users/williamwilson/Projects/scells/build.sbt. Using presentation compiler with project's scala-library version: 3.3.6
2025.05.20 19:44:58 INFO  no build target found for /Users/williamwilson/Projects/scells/build.sbt. Using presentation compiler with project's scala-library version: 3.3.6
2025.05.20 19:44:58 INFO  no build target found for /Users/williamwilson/Projects/scells/build.sbt. Using presentation compiler with project's scala-library version: 3.3.6
2025.05.20 19:44:59 INFO  no build target found for /Users/williamwilson/Projects/scells/build.sbt. Using presentation compiler with project's scala-library version: 3.3.6
2025.05.20 19:44:59 WARN  Could not find semantic tokens for: file:///Users/williamwilson/Projects/scells/build.sbt
2025.05.20 19:44:59 INFO  no build target found for /Users/williamwilson/Projects/scells/build.sbt. Using presentation compiler with project's scala-library version: 3.3.6
2025.05.20 19:44:59 INFO  no build target found for /Users/williamwilson/Projects/scells/build.sbt. Using presentation compiler with project's scala-library version: 3.3.6
2025.05.20 19:45:05 WARN  no build target for: /Users/williamwilson/Projects/scells/build.sbt
2025.05.20 19:45:05 INFO  no build target found for /Users/williamwilson/Projects/scells/build.sbt. Using presentation compiler with project's scala-library version: 3.3.6
2025.05.20 19:45:05 WARN  Could not find semantic tokens for: file:///Users/williamwilson/Projects/scells/build.sbt
2025.05.20 19:45:05 INFO  no build target found for /Users/williamwilson/Projects/scells/build.sbt. Using presentation compiler with project's scala-library version: 3.3.6
2025.05.20 19:45:05 WARN  Could not find semantic tokens for: file:///Users/williamwilson/Projects/scells/build.sbt
2025.05.20 19:45:26 WARN  no build target for: /Users/williamwilson/Projects/scells/build.sbt
2025.05.20 19:45:26 INFO  no build target found for /Users/williamwilson/Projects/scells/build.sbt. Using presentation compiler with project's scala-library version: 3.3.6
2025.05.20 19:45:26 WARN  Could not find semantic tokens for: file:///Users/williamwilson/Projects/scells/build.sbt
2025.05.20 19:45:48 INFO  no build target found for /Users/williamwilson/Projects/scells/src/main/scala/org/kleemann/scells/Spreadsheet.scala. Using presentation compiler with project's scala-library version: 3.3.6
2025.05.20 19:45:48 WARN  no build target for: /Users/williamwilson/Projects/scells/src/main/scala/org/kleemann/scells/Spreadsheet.scala
2025.05.20 19:45:48 WARN  no build target for: /Users/williamwilson/Projects/scells/project/project/metals.sbt
2025.05.20 19:45:48 INFO  no build target found for /Users/williamwilson/Projects/scells/build.sbt. Using presentation compiler with project's scala-library version: 3.3.6
2025.05.20 19:45:48 WARN  Could not find semantic tokens for: file:///Users/williamwilson/Projects/scells/build.sbt
2025.05.20 19:45:48 INFO  no build target found for /Users/williamwilson/Projects/scells/project/project/metals.sbt. Using presentation compiler with project's scala-library version: 3.3.6
2025.05.20 19:45:48 INFO  no build target found for /Users/williamwilson/Projects/scells/build.sbt. Using presentation compiler with project's scala-library version: 3.3.6
2025.05.20 19:45:48 WARN  Could not find semantic tokens for: file:///Users/williamwilson/Projects/scells/build.sbt
2025.05.20 19:46:32 INFO  no build target found for /Users/williamwilson/Projects/scells/build.sbt. Using presentation compiler with project's scala-library version: 3.3.6
2025.05.20 19:46:32 INFO  no build target found for /Users/williamwilson/Projects/scells/build.sbt. Using presentation compiler with project's scala-library version: 3.3.6
2025.05.20 19:46:32 INFO  no build target found for /Users/williamwilson/Projects/scells/build.sbt. Using presentation compiler with project's scala-library version: 3.3.6
2025.05.20 19:46:32 INFO  no build target found for /Users/williamwilson/Projects/scells/build.sbt. Using presentation compiler with project's scala-library version: 3.3.6
2025.05.20 19:46:33 INFO  no build target found for /Users/williamwilson/Projects/scells/build.sbt. Using presentation compiler with project's scala-library version: 3.3.6
2025.05.20 19:46:33 INFO  no build target found for /Users/williamwilson/Projects/scells/build.sbt. Using presentation compiler with project's scala-library version: 3.3.6
2025.05.20 19:46:33 INFO  no build target found for /Users/williamwilson/Projects/scells/build.sbt. Using presentation compiler with project's scala-library version: 3.3.6
2025.05.20 19:46:34 INFO  no build target found for /Users/williamwilson/Projects/scells/build.sbt. Using presentation compiler with project's scala-library version: 3.3.6
2025.05.20 19:46:33 INFO  no build target found for /Users/williamwilson/Projects/scells/build.sbt. Using presentation compiler with project's scala-library version: 3.3.6
2025.05.20 19:46:34 INFO  no build target found for /Users/williamwilson/Projects/scells/build.sbt. Using presentation compiler with project's scala-library version: 3.3.6
2025.05.20 19:46:34 WARN  Could not find semantic tokens for: file:///Users/williamwilson/Projects/scells/build.sbt
2025.05.20 19:46:34 INFO  no build target found for /Users/williamwilson/Projects/scells/build.sbt. Using presentation compiler with project's scala-library version: 3.3.6
2025.05.20 19:46:34 INFO  no build target found for /Users/williamwilson/Projects/scells/build.sbt. Using presentation compiler with project's scala-library version: 3.3.6
2025.05.20 19:46:34 INFO  no build target found for /Users/williamwilson/Projects/scells/build.sbt. Using presentation compiler with project's scala-library version: 3.3.6
2025.05.20 19:46:34 INFO  no build target found for /Users/williamwilson/Projects/scells/build.sbt. Using presentation compiler with project's scala-library version: 3.3.6
2025.05.20 19:46:34 WARN  Could not find semantic tokens for: file:///Users/williamwilson/Projects/scells/build.sbt
2025.05.20 19:46:36 INFO  no build target found for /Users/williamwilson/Projects/scells/build.sbt. Using presentation compiler with project's scala-library version: 3.3.6
2025.05.20 19:46:36 INFO  no build target found for /Users/williamwilson/Projects/scells/build.sbt. Using presentation compiler with project's scala-library version: 3.3.6
2025.05.20 19:46:36 INFO  no build target found for /Users/williamwilson/Projects/scells/build.sbt. Using presentation compiler with project's scala-library version: 3.3.6
2025.05.20 19:46:36 INFO  no build target found for /Users/williamwilson/Projects/scells/build.sbt. Using presentation compiler with project's scala-library version: 3.3.6
2025.05.20 19:46:37 INFO  no build target found for /Users/williamwilson/Projects/scells/build.sbt. Using presentation compiler with project's scala-library version: 3.3.6
2025.05.20 19:46:37 INFO  no build target found for /Users/williamwilson/Projects/scells/build.sbt. Using presentation compiler with project's scala-library version: 3.3.6
2025.05.20 19:46:37 INFO  no build target found for /Users/williamwilson/Projects/scells/build.sbt. Using presentation compiler with project's scala-library version: 3.3.6
2025.05.20 19:46:37 WARN  Could not find semantic tokens for: file:///Users/williamwilson/Projects/scells/build.sbt
2025.05.20 19:46:37 INFO  no build target found for /Users/williamwilson/Projects/scells/build.sbt. Using presentation compiler with project's scala-library version: 3.3.6
2025.05.20 19:46:38 INFO  no build target found for /Users/williamwilson/Projects/scells/build.sbt. Using presentation compiler with project's scala-library version: 3.3.6
2025.05.20 19:46:37 INFO  no build target found for /Users/williamwilson/Projects/scells/build.sbt. Using presentation compiler with project's scala-library version: 3.3.6
2025.05.20 19:46:38 INFO  no build target found for /Users/williamwilson/Projects/scells/build.sbt. Using presentation compiler with project's scala-library version: 3.3.6
2025.05.20 19:46:38 WARN  Could not find semantic tokens for: file:///Users/williamwilson/Projects/scells/build.sbt
2025.05.20 19:46:46 INFO  no build target found for /Users/williamwilson/Projects/scells/build.sbt. Using presentation compiler with project's scala-library version: 3.3.6
2025.05.20 19:46:46 INFO  no build target found for /Users/williamwilson/Projects/scells/build.sbt. Using presentation compiler with project's scala-library version: 3.3.6
2025.05.20 19:46:46 INFO  no build target found for /Users/williamwilson/Projects/scells/build.sbt. Using presentation compiler with project's scala-library version: 3.3.6
2025.05.20 19:46:46 INFO  no build target found for /Users/williamwilson/Projects/scells/build.sbt. Using presentation compiler with project's scala-library version: 3.3.6
2025.05.20 19:46:47 INFO  no build target found for /Users/williamwilson/Projects/scells/build.sbt. Using presentation compiler with project's scala-library version: 3.3.6
2025.05.20 19:46:47 INFO  no build target found for /Users/williamwilson/Projects/scells/build.sbt. Using presentation compiler with project's scala-library version: 3.3.6
2025.05.20 19:46:47 INFO  no build target found for /Users/williamwilson/Projects/scells/build.sbt. Using presentation compiler with project's scala-library version: 3.3.6
2025.05.20 19:46:47 INFO  no build target found for /Users/williamwilson/Projects/scells/build.sbt. Using presentation compiler with project's scala-library version: 3.3.6
2025.05.20 19:46:47 INFO  no build target found for /Users/williamwilson/Projects/scells/build.sbt. Using presentation compiler with project's scala-library version: 3.3.6
2025.05.20 19:46:47 INFO  no build target found for /Users/williamwilson/Projects/scells/build.sbt. Using presentation compiler with project's scala-library version: 3.3.6
2025.05.20 19:46:47 INFO  no build target found for /Users/williamwilson/Projects/scells/build.sbt. Using presentation compiler with project's scala-library version: 3.3.6
2025.05.20 19:46:47 INFO  no build target found for /Users/williamwilson/Projects/scells/build.sbt. Using presentation compiler with project's scala-library version: 3.3.6
2025.05.20 19:46:47 INFO  no build target found for /Users/williamwilson/Projects/scells/build.sbt. Using presentation compiler with project's scala-library version: 3.3.6
2025.05.20 19:46:47 INFO  no build target found for /Users/williamwilson/Projects/scells/build.sbt. Using presentation compiler with project's scala-library version: 3.3.6
2025.05.20 19:46:48 INFO  no build target found for /Users/williamwilson/Projects/scells/build.sbt. Using presentation compiler with project's scala-library version: 3.3.6
2025.05.20 19:46:48 INFO  no build target found for /Users/williamwilson/Projects/scells/build.sbt. Using presentation compiler with project's scala-library version: 3.3.6
2025.05.20 19:46:48 INFO  no build target found for /Users/williamwilson/Projects/scells/build.sbt. Using presentation compiler with project's scala-library version: 3.3.6
2025.05.20 19:46:48 INFO  no build target found for /Users/williamwilson/Projects/scells/build.sbt. Using presentation compiler with project's scala-library version: 3.3.6
2025.05.20 19:46:48 INFO  no build target found for /Users/williamwilson/Projects/scells/build.sbt. Using presentation compiler with project's scala-library version: 3.3.6
2025.05.20 19:46:48 INFO  no build target found for /Users/williamwilson/Projects/scells/build.sbt. Using presentation compiler with project's scala-library version: 3.3.6
2025.05.20 19:46:48 INFO  no build target found for /Users/williamwilson/Projects/scells/build.sbt. Using presentation compiler with project's scala-library version: 3.3.6
2025.05.20 19:46:48 INFO  no build target found for /Users/williamwilson/Projects/scells/build.sbt. Using presentation compiler with project's scala-library version: 3.3.6
2025.05.20 19:46:49 INFO  no build target found for /Users/williamwilson/Projects/scells/build.sbt. Using presentation compiler with project's scala-library version: 3.3.6
2025.05.20 19:46:49 INFO  no build target found for /Users/williamwilson/Projects/scells/build.sbt. Using presentation compiler with project's scala-library version: 3.3.6
2025.05.20 19:46:49 INFO  no build target found for /Users/williamwilson/Projects/scells/build.sbt. Using presentation compiler with project's scala-library version: 3.3.6
2025.05.20 19:46:49 INFO  no build target found for /Users/williamwilson/Projects/scells/build.sbt. Using presentation compiler with project's scala-library version: 3.3.6
2025.05.20 19:46:49 INFO  no build target found for /Users/williamwilson/Projects/scells/build.sbt. Using presentation compiler with project's scala-library version: 3.3.6
2025.05.20 19:46:49 INFO  no build target found for /Users/williamwilson/Projects/scells/build.sbt. Using presentation compiler with project's scala-library version: 3.3.6
2025.05.20 19:46:49 INFO  no build target found for /Users/williamwilson/Projects/scells/build.sbt. Using presentation compiler with project's scala-library version: 3.3.6
2025.05.20 19:46:49 INFO  no build target found for /Users/williamwilson/Projects/scells/build.sbt. Using presentation compiler with project's scala-library version: 3.3.6
2025.05.20 19:46:50 INFO  no build target found for /Users/williamwilson/Projects/scells/build.sbt. Using presentation compiler with project's scala-library version: 3.3.6
2025.05.20 19:46:50 INFO  no build target found for /Users/williamwilson/Projects/scells/build.sbt. Using presentation compiler with project's scala-library version: 3.3.6
2025.05.20 19:46:50 INFO  no build target found for /Users/williamwilson/Projects/scells/build.sbt. Using presentation compiler with project's scala-library version: 3.3.6
2025.05.20 19:46:52 INFO  no build target found for /Users/williamwilson/Projects/scells/build.sbt. Using presentation compiler with project's scala-library version: 3.3.6
2025.05.20 19:46:52 INFO  no build target found for /Users/williamwilson/Projects/scells/build.sbt. Using presentation compiler with project's scala-library version: 3.3.6
2025.05.20 19:46:52 INFO  no build target found for /Users/williamwilson/Projects/scells/build.sbt. Using presentation compiler with project's scala-library version: 3.3.6
2025.05.20 19:46:52 INFO  no build target found for /Users/williamwilson/Projects/scells/build.sbt. Using presentation compiler with project's scala-library version: 3.3.6
2025.05.20 19:46:52 WARN  Could not find semantic tokens for: file:///Users/williamwilson/Projects/scells/build.sbt
2025.05.20 19:46:53 INFO  no build target found for /Users/williamwilson/Projects/scells/build.sbt. Using presentation compiler with project's scala-library version: 3.3.6
2025.05.20 19:46:55 INFO  no build target found for /Users/williamwilson/Projects/scells/build.sbt. Using presentation compiler with project's scala-library version: 3.3.6
2025.05.20 19:46:55 INFO  no build target found for /Users/williamwilson/Projects/scells/build.sbt. Using presentation compiler with project's scala-library version: 3.3.6
2025.05.20 19:46:55 INFO  no build target found for /Users/williamwilson/Projects/scells/build.sbt. Using presentation compiler with project's scala-library version: 3.3.6
2025.05.20 19:46:55 INFO  no build target found for /Users/williamwilson/Projects/scells/build.sbt. Using presentation compiler with project's scala-library version: 3.3.6
2025.05.20 19:46:55 INFO  no build target found for /Users/williamwilson/Projects/scells/build.sbt. Using presentation compiler with project's scala-library version: 3.3.6
2025.05.20 19:46:55 INFO  no build target found for /Users/williamwilson/Projects/scells/build.sbt. Using presentation compiler with project's scala-library version: 3.3.6
2025.05.20 19:46:56 INFO  no build target found for /Users/williamwilson/Projects/scells/build.sbt. Using presentation compiler with project's scala-library version: 3.3.6
2025.05.20 19:46:56 INFO  no build target found for /Users/williamwilson/Projects/scells/build.sbt. Using presentation compiler with project's scala-library version: 3.3.6
2025.05.20 19:46:56 INFO  no build target found for /Users/williamwilson/Projects/scells/build.sbt. Using presentation compiler with project's scala-library version: 3.3.6
2025.05.20 19:46:56 INFO  no build target found for /Users/williamwilson/Projects/scells/build.sbt. Using presentation compiler with project's scala-library version: 3.3.6
2025.05.20 19:46:56 WARN  Could not find semantic tokens for: file:///Users/williamwilson/Projects/scells/build.sbt
2025.05.20 19:46:56 INFO  no build target found for /Users/williamwilson/Projects/scells/build.sbt. Using presentation compiler with project's scala-library version: 3.3.6
2025.05.20 19:46:57 INFO  no build target found for /Users/williamwilson/Projects/scells/build.sbt. Using presentation compiler with project's scala-library version: 3.3.6
2025.05.20 19:46:56 INFO  no build target found for /Users/williamwilson/Projects/scells/build.sbt. Using presentation compiler with project's scala-library version: 3.3.6
2025.05.20 19:46:56 INFO  no build target found for /Users/williamwilson/Projects/scells/build.sbt. Using presentation compiler with project's scala-library version: 3.3.6
2025.05.20 19:46:57 WARN  Could not find semantic tokens for: file:///Users/williamwilson/Projects/scells/build.sbt
2025.05.20 19:46:58 INFO  no build target found for /Users/williamwilson/Projects/scells/build.sbt. Using presentation compiler with project's scala-library version: 3.3.6
2025.05.20 19:46:58 INFO  no build target found for /Users/williamwilson/Projects/scells/build.sbt. Using presentation compiler with project's scala-library version: 3.3.6
2025.05.20 19:46:58 INFO  no build target found for /Users/williamwilson/Projects/scells/build.sbt. Using presentation compiler with project's scala-library version: 3.3.6
2025.05.20 19:46:59 INFO  no build target found for /Users/williamwilson/Projects/scells/build.sbt. Using presentation compiler with project's scala-library version: 3.3.6
2025.05.20 19:46:59 INFO  no build target found for /Users/williamwilson/Projects/scells/build.sbt. Using presentation compiler with project's scala-library version: 3.3.6
2025.05.20 19:46:59 INFO  no build target found for /Users/williamwilson/Projects/scells/build.sbt. Using presentation compiler with project's scala-library version: 3.3.6
2025.05.20 19:46:59 INFO  no build target found for /Users/williamwilson/Projects/scells/build.sbt. Using presentation compiler with project's scala-library version: 3.3.6
2025.05.20 19:46:59 INFO  no build target found for /Users/williamwilson/Projects/scells/build.sbt. Using presentation compiler with project's scala-library version: 3.3.6
2025.05.20 19:47:00 INFO  no build target found for /Users/williamwilson/Projects/scells/build.sbt. Using presentation compiler with project's scala-library version: 3.3.6
2025.05.20 19:46:59 INFO  no build target found for /Users/williamwilson/Projects/scells/build.sbt. Using presentation compiler with project's scala-library version: 3.3.6
2025.05.20 19:47:00 INFO  no build target found for /Users/williamwilson/Projects/scells/build.sbt. Using presentation compiler with project's scala-library version: 3.3.6
2025.05.20 19:47:00 WARN  Could not find semantic tokens for: file:///Users/williamwilson/Projects/scells/build.sbt
2025.05.20 19:47:01 INFO  no build target found for /Users/williamwilson/Projects/scells/build.sbt. Using presentation compiler with project's scala-library version: 3.3.6
2025.05.20 19:47:02 INFO  no build target found for /Users/williamwilson/Projects/scells/build.sbt. Using presentation compiler with project's scala-library version: 3.3.6
2025.05.20 19:47:01 INFO  no build target found for /Users/williamwilson/Projects/scells/build.sbt. Using presentation compiler with project's scala-library version: 3.3.6
2025.05.20 19:47:02 INFO  no build target found for /Users/williamwilson/Projects/scells/build.sbt. Using presentation compiler with project's scala-library version: 3.3.6
2025.05.20 19:47:02 WARN  Could not find semantic tokens for: file:///Users/williamwilson/Projects/scells/build.sbt
2025.05.20 19:47:01 INFO  no build target found for /Users/williamwilson/Projects/scells/build.sbt. Using presentation compiler with project's scala-library version: 3.3.6
2025.05.20 19:47:02 INFO  no build target found for /Users/williamwilson/Projects/scells/build.sbt. Using presentation compiler with project's scala-library version: 3.3.6
2025.05.20 19:47:02 INFO  no build target found for /Users/williamwilson/Projects/scells/build.sbt. Using presentation compiler with project's scala-library version: 3.3.6
2025.05.20 19:47:02 INFO  no build target found for /Users/williamwilson/Projects/scells/build.sbt. Using presentation compiler with project's scala-library version: 3.3.6
2025.05.20 19:47:02 INFO  no build target found for /Users/williamwilson/Projects/scells/build.sbt. Using presentation compiler with project's scala-library version: 3.3.6
2025.05.20 19:47:04 INFO  no build target found for /Users/williamwilson/Projects/scells/build.sbt. Using presentation compiler with project's scala-library version: 3.3.6
2025.05.20 19:47:04 INFO  no build target found for /Users/williamwilson/Projects/scells/build.sbt. Using presentation compiler with project's scala-library version: 3.3.6
2025.05.20 19:47:04 INFO  no build target found for /Users/williamwilson/Projects/scells/build.sbt. Using presentation compiler with project's scala-library version: 3.3.6
2025.05.20 19:47:04 INFO  no build target found for /Users/williamwilson/Projects/scells/build.sbt. Using presentation compiler with project's scala-library version: 3.3.6
2025.05.20 19:47:05 INFO  no build target found for /Users/williamwilson/Projects/scells/build.sbt. Using presentation compiler with project's scala-library version: 3.3.6
2025.05.20 19:47:05 WARN  Could not find semantic tokens for: file:///Users/williamwilson/Projects/scells/build.sbt
2025.05.20 19:47:05 INFO  no build target found for /Users/williamwilson/Projects/scells/build.sbt. Using presentation compiler with project's scala-library version: 3.3.6
2025.05.20 19:47:05 INFO  no build target found for /Users/williamwilson/Projects/scells/build.sbt. Using presentation compiler with project's scala-library version: 3.3.6
2025.05.20 19:47:05 INFO  no build target found for /Users/williamwilson/Projects/scells/build.sbt. Using presentation compiler with project's scala-library version: 3.3.6
2025.05.20 19:47:05 WARN  Could not find semantic tokens for: file:///Users/williamwilson/Projects/scells/build.sbt
2025.05.20 19:47:05 INFO  no build target found for /Users/williamwilson/Projects/scells/build.sbt. Using presentation compiler with project's scala-library version: 3.3.6
2025.05.20 19:47:05 INFO  no build target found for /Users/williamwilson/Projects/scells/build.sbt. Using presentation compiler with project's scala-library version: 3.3.6
2025.05.20 19:47:06 INFO  no build target found for /Users/williamwilson/Projects/scells/build.sbt. Using presentation compiler with project's scala-library version: 3.3.6
2025.05.20 19:47:06 INFO  no build target found for /Users/williamwilson/Projects/scells/build.sbt. Using presentation compiler with project's scala-library version: 3.3.6
2025.05.20 19:47:06 INFO  no build target found for /Users/williamwilson/Projects/scells/build.sbt. Using presentation compiler with project's scala-library version: 3.3.6
2025.05.20 19:47:06 INFO  no build target found for /Users/williamwilson/Projects/scells/build.sbt. Using presentation compiler with project's scala-library version: 3.3.6
2025.05.20 19:47:06 WARN  Could not find semantic tokens for: file:///Users/williamwilson/Projects/scells/build.sbt
2025.05.20 19:47:07 INFO  no build target found for /Users/williamwilson/Projects/scells/build.sbt. Using presentation compiler with project's scala-library version: 3.3.6
2025.05.20 19:47:07 INFO  no build target found for /Users/williamwilson/Projects/scells/build.sbt. Using presentation compiler with project's scala-library version: 3.3.6
2025.05.20 19:47:07 INFO  no build target found for /Users/williamwilson/Projects/scells/build.sbt. Using presentation compiler with project's scala-library version: 3.3.6
2025.05.20 19:47:07 INFO  no build target found for /Users/williamwilson/Projects/scells/build.sbt. Using presentation compiler with project's scala-library version: 3.3.6
2025.05.20 19:47:08 INFO  no build target found for /Users/williamwilson/Projects/scells/build.sbt. Using presentation compiler with project's scala-library version: 3.3.6
2025.05.20 19:47:08 INFO  no build target found for /Users/williamwilson/Projects/scells/build.sbt. Using presentation compiler with project's scala-library version: 3.3.6
2025.05.20 19:47:08 INFO  no build target found for /Users/williamwilson/Projects/scells/build.sbt. Using presentation compiler with project's scala-library version: 3.3.6
2025.05.20 19:47:08 INFO  no build target found for /Users/williamwilson/Projects/scells/build.sbt. Using presentation compiler with project's scala-library version: 3.3.6
2025.05.20 19:47:08 INFO  no build target found for /Users/williamwilson/Projects/scells/build.sbt. Using presentation compiler with project's scala-library version: 3.3.6
2025.05.20 19:47:08 INFO  no build target found for /Users/williamwilson/Projects/scells/build.sbt. Using presentation compiler with project's scala-library version: 3.3.6
2025.05.20 19:47:08 INFO  no build target found for /Users/williamwilson/Projects/scells/build.sbt. Using presentation compiler with project's scala-library version: 3.3.6
May 20, 2025 7:47:09 PM org.eclipse.lsp4j.jsonrpc.RemoteEndpoint handleCancellation
WARNING: Unmatched cancel notification for request id 350
2025.05.20 19:47:08 INFO  no build target found for /Users/williamwilson/Projects/scells/build.sbt. Using presentation compiler with project's scala-library version: 3.3.6
2025.05.20 19:47:08 INFO  no build target found for /Users/williamwilson/Projects/scells/build.sbt. Using presentation compiler with project's scala-library version: 3.3.6
2025.05.20 19:47:08 INFO  no build target found for /Users/williamwilson/Projects/scells/build.sbt. Using presentation compiler with project's scala-library version: 3.3.6
2025.05.20 19:47:09 INFO  no build target found for /Users/williamwilson/Projects/scells/build.sbt. Using presentation compiler with project's scala-library version: 3.3.6
2025.05.20 19:47:09 INFO  no build target found for /Users/williamwilson/Projects/scells/build.sbt. Using presentation compiler with project's scala-library version: 3.3.6
2025.05.20 19:47:14 WARN  no build target for: /Users/williamwilson/Projects/scells/build.sbt
2025.05.20 19:47:14 INFO  no build target found for /Users/williamwilson/Projects/scells/build.sbt. Using presentation compiler with project's scala-library version: 3.3.6
2025.05.20 19:47:14 WARN  Could not find semantic tokens for: file:///Users/williamwilson/Projects/scells/build.sbt
2025.05.20 19:47:14 INFO  no build target found for /Users/williamwilson/Projects/scells/build.sbt. Using presentation compiler with project's scala-library version: 3.3.6
2025.05.20 19:47:15 INFO  no build target found for /Users/williamwilson/Projects/scells/build.sbt. Using presentation compiler with project's scala-library version: 3.3.6
2025.05.20 19:47:15 WARN  Could not find semantic tokens for: file:///Users/williamwilson/Projects/scells/build.sbt
2025.05.20 19:47:27 INFO  no build target found for /Users/williamwilson/Projects/scells/build.sbt. Using presentation compiler with project's scala-library version: 3.3.6
2025.05.20 19:47:39 WARN  no build target for: /Users/williamwilson/Projects/scells/project/metals.sbt
2025.05.20 19:47:39 INFO  no build target found for /Users/williamwilson/Projects/scells/project/metals.sbt. Using presentation compiler with project's scala-library version: 3.3.6
2025.05.20 19:47:39 INFO  no build target found for /Users/williamwilson/Projects/scells/project/metals.sbt. Using presentation compiler with project's scala-library version: 3.3.6
2025.05.20 19:47:39 WARN  Could not find semantic tokens for: file:///Users/williamwilson/Projects/scells/project/metals.sbt
2025.05.20 19:47:42 INFO  no build target found for /Users/williamwilson/Projects/scells/build.sbt. Using presentation compiler with project's scala-library version: 3.3.6
2025.05.20 19:47:42 WARN  no build target for: /Users/williamwilson/Projects/scells/build.sbt
2025.05.20 19:47:42 INFO  no build target found for /Users/williamwilson/Projects/scells/build.sbt. Using presentation compiler with project's scala-library version: 3.3.6
2025.05.20 19:47:43 INFO  no build target found for /Users/williamwilson/Projects/scells/build.sbt. Using presentation compiler with project's scala-library version: 3.3.6
2025.05.20 19:47:43 WARN  Could not find semantic tokens for: file:///Users/williamwilson/Projects/scells/build.sbt
2025.05.20 19:47:42 INFO  no build target found for /Users/williamwilson/Projects/scells/build.sbt. Using presentation compiler with project's scala-library version: 3.3.6
2025.05.20 19:47:51 INFO  no build target found for /Users/williamwilson/Projects/scells/build.sbt. Using presentation compiler with project's scala-library version: 3.3.6
2025.05.20 19:48:48 INFO  no build target found for /Users/williamwilson/Projects/scells/src/main/scala/org/kleemann/scells/Spreadsheet.scala. Using presentation compiler with project's scala-library version: 3.3.6
2025.05.20 19:48:48 INFO  no build target found for /Users/williamwilson/Projects/scells/project/project/metals.sbt. Using presentation compiler with project's scala-library version: 3.3.6
2025.05.20 19:48:52 INFO  no build target found for /Users/williamwilson/Projects/scells/src/main/scala/org/kleemann/scells/Spreadsheet.scala. Using presentation compiler with project's scala-library version: 3.3.6
2025.05.20 19:48:53 WARN  no build target for: /Users/williamwilson/Projects/scells/src/main/scala/org/kleemann/scells/Spreadsheet.scala
2025.05.20 19:48:53 WARN  no build target for: /Users/williamwilson/Projects/scells/project/project/metals.sbt
2025.05.20 19:48:53 INFO  no build target found for /Users/williamwilson/Projects/scells/build.sbt. Using presentation compiler with project's scala-library version: 3.3.6
2025.05.20 19:48:53 WARN  Could not find semantic tokens for: file:///Users/williamwilson/Projects/scells/build.sbt
2025.05.20 19:48:53 INFO  no build target found for /Users/williamwilson/Projects/scells/project/project/metals.sbt. Using presentation compiler with project's scala-library version: 3.3.6
2025.05.20 19:48:52 INFO  no build target found for /Users/williamwilson/Projects/scells/build.sbt. Using presentation compiler with project's scala-library version: 3.3.6
2025.05.20 19:48:52 WARN  Could not find semantic tokens for: file:///Users/williamwilson/Projects/scells/build.sbt
2025.05.20 19:49:00 INFO  no build target found for /Users/williamwilson/Projects/scells/build.sbt. Using presentation compiler with project's scala-library version: 3.3.6
2025.05.20 19:49:02 INFO  no build target found for /Users/williamwilson/Projects/scells/build.sbt. Using presentation compiler with project's scala-library version: 3.3.6
2025.05.20 19:49:15 INFO  no build target found for /Users/williamwilson/Projects/scells/build.sbt. Using presentation compiler with project's scala-library version: 3.3.6
2025.05.20 19:49:15 INFO  no build target found for /Users/williamwilson/Projects/scells/build.sbt. Using presentation compiler with project's scala-library version: 3.3.6
2025.05.20 19:49:15 INFO  no build target found for /Users/williamwilson/Projects/scells/build.sbt. Using presentation compiler with project's scala-library version: 3.3.6
2025.05.20 19:49:16 INFO  no build target found for /Users/williamwilson/Projects/scells/build.sbt. Using presentation compiler with project's scala-library version: 3.3.6
2025.05.20 19:49:16 INFO  no build target found for /Users/williamwilson/Projects/scells/build.sbt. Using presentation compiler with project's scala-library version: 3.3.6
2025.05.20 19:49:16 INFO  no build target found for /Users/williamwilson/Projects/scells/build.sbt. Using presentation compiler with project's scala-library version: 3.3.6
2025.05.20 19:49:17 INFO  no build target found for /Users/williamwilson/Projects/scells/build.sbt. Using presentation compiler with project's scala-library version: 3.3.6
2025.05.20 19:49:16 INFO  no build target found for /Users/williamwilson/Projects/scells/build.sbt. Using presentation compiler with project's scala-library version: 3.3.6
2025.05.20 19:49:17 INFO  no build target found for /Users/williamwilson/Projects/scells/build.sbt. Using presentation compiler with project's scala-library version: 3.3.6
2025.05.20 19:49:17 WARN  Could not find semantic tokens for: file:///Users/williamwilson/Projects/scells/build.sbt
2025.05.20 19:49:16 INFO  no build target found for /Users/williamwilson/Projects/scells/build.sbt. Using presentation compiler with project's scala-library version: 3.3.6
2025.05.20 19:49:17 INFO  no build target found for /Users/williamwilson/Projects/scells/build.sbt. Using presentation compiler with project's scala-library version: 3.3.6
2025.05.20 19:49:18 INFO  no build target found for /Users/williamwilson/Projects/scells/build.sbt. Using presentation compiler with project's scala-library version: 3.3.6
2025.05.20 19:49:17 INFO  no build target found for /Users/williamwilson/Projects/scells/build.sbt. Using presentation compiler with project's scala-library version: 3.3.6
2025.05.20 19:49:18 WARN  Could not find semantic tokens for: file:///Users/williamwilson/Projects/scells/build.sbt
2025.05.20 19:49:18 INFO  no build target found for /Users/williamwilson/Projects/scells/build.sbt. Using presentation compiler with project's scala-library version: 3.3.6
2025.05.20 19:49:18 INFO  no build target found for /Users/williamwilson/Projects/scells/build.sbt. Using presentation compiler with project's scala-library version: 3.3.6
2025.05.20 19:49:18 INFO  no build target found for /Users/williamwilson/Projects/scells/build.sbt. Using presentation compiler with project's scala-library version: 3.3.6
2025.05.20 19:49:18 INFO  no build target found for /Users/williamwilson/Projects/scells/build.sbt. Using presentation compiler with project's scala-library version: 3.3.6
2025.05.20 19:49:18 WARN  Could not find semantic tokens for: file:///Users/williamwilson/Projects/scells/build.sbt
May 20, 2025 7:49:24 PM org.eclipse.lsp4j.jsonrpc.RemoteEndpoint handleNotification
WARNING: Notification threw an exception: {
  "jsonrpc": "2.0",
  "method": "metals/didFocusTextDocument",
  "params": [
    "vscode-chat-code-block://ba680277-a490-4e6b-9088-85e771c9dbae/response_6c8b2ef6-98e0-499d-b78d-f2147a4d80b1/0#%7B%22references%22%3A%5B%7B%22uri%22%3A%7B%22%24mid%22%3A1%2C%22fsPath%22%3A%22%2FUsers%2Fwilliamwilson%2FProjects%2Fscells%2Fbuild.sbt%22%2C%22external%22%3A%22file%3A%2F%2F%2FUsers%2Fwilliamwilson%2FProjects%2Fscells%2Fbuild.sbt%22%2C%22path%22%3A%22%2FUsers%2Fwilliamwilson%2FProjects%2Fscells%2Fbuild.sbt%22%2C%22scheme%22%3A%22file%22%7D%2C%22range%22%3A%7B%22startLineNumber%22%3A1%2C%22startColumn%22%3A1%2C%22endLineNumber%22%3A16%2C%22endColumn%22%3A75%7D%7D%5D%7D"
  ]
}
java.nio.file.FileSystemNotFoundException: Provider "vscode-chat-code-block" not installed
	at java.base/java.nio.file.Path.of(Path.java:212)
	at java.base/java.nio.file.Paths.get(Paths.java:98)
	at scala.meta.internal.mtags.MtagsEnrichments$XtensionURIMtags.toAbsolutePath(MtagsEnrichments.scala:130)
	at scala.meta.internal.mtags.MtagsEnrichments$XtensionStringMtags.toAbsolutePath(MtagsEnrichments.scala:190)
	at scala.meta.internal.metals.MetalsEnrichments$XtensionString.toAbsolutePath(MetalsEnrichments.scala:787)
	at scala.meta.internal.metals.MetalsEnrichments$XtensionString.toAbsolutePath(MetalsEnrichments.scala:784)
	at scala.meta.internal.metals.WorkspaceLspService.didFocus(WorkspaceLspService.scala:774)
	at scala.meta.metals.lsp.DelegatingScalaService.didFocus(DelegatingScalaService.scala:42)
	at java.base/jdk.internal.reflect.NativeMethodAccessorImpl.invoke0(Native Method)
	at java.base/jdk.internal.reflect.NativeMethodAccessorImpl.invoke(NativeMethodAccessorImpl.java:77)
	at java.base/jdk.internal.reflect.DelegatingMethodAccessorImpl.invoke(DelegatingMethodAccessorImpl.java:43)
	at java.base/java.lang.reflect.Method.invoke(Method.java:568)
	at org.eclipse.lsp4j.jsonrpc.services.GenericEndpoint.lambda$recursiveFindRpcMethods$0(GenericEndpoint.java:65)
	at org.eclipse.lsp4j.jsonrpc.services.GenericEndpoint.notify(GenericEndpoint.java:160)
	at org.eclipse.lsp4j.jsonrpc.RemoteEndpoint.handleNotification(RemoteEndpoint.java:231)
	at org.eclipse.lsp4j.jsonrpc.RemoteEndpoint.consume(RemoteEndpoint.java:198)
	at org.eclipse.lsp4j.jsonrpc.json.StreamMessageProducer.handleMessage(StreamMessageProducer.java:185)
	at org.eclipse.lsp4j.jsonrpc.json.StreamMessageProducer.listen(StreamMessageProducer.java:97)
	at org.eclipse.lsp4j.jsonrpc.json.ConcurrentMessageProcessor.run(ConcurrentMessageProcessor.java:114)
	at java.base/java.util.concurrent.Executors$RunnableAdapter.call(Executors.java:539)
	at java.base/java.util.concurrent.FutureTask.run(FutureTask.java:264)
	at java.base/java.util.concurrent.ThreadPoolExecutor.runWorker(ThreadPoolExecutor.java:1136)
	at java.base/java.util.concurrent.ThreadPoolExecutor$Worker.run(ThreadPoolExecutor.java:635)
	at java.base/java.lang.Thread.run(Thread.java:833)

2025.05.20 19:49:36 WARN  no build target for: /Users/williamwilson/Projects/scells/build.sbt
2025.05.20 19:49:36 INFO  no build target found for /Users/williamwilson/Projects/scells/build.sbt. Using presentation compiler with project's scala-library version: 3.3.6
2025.05.20 19:49:36 WARN  Could not find semantic tokens for: file:///Users/williamwilson/Projects/scells/build.sbt
2025.05.20 19:49:37 INFO  no build target found for /Users/williamwilson/Projects/scells/build.sbt. Using presentation compiler with project's scala-library version: 3.3.6
2025.05.20 19:49:37 INFO  no build target found for /Users/williamwilson/Projects/scells/build.sbt. Using presentation compiler with project's scala-library version: 3.3.6
2025.05.20 19:49:37 INFO  no build target found for /Users/williamwilson/Projects/scells/build.sbt. Using presentation compiler with project's scala-library version: 3.3.6
2025.05.20 19:49:39 INFO  no build target found for /Users/williamwilson/Projects/scells/build.sbt. Using presentation compiler with project's scala-library version: 3.3.6
2025.05.20 19:49:40 INFO  no build target found for /Users/williamwilson/Projects/scells/build.sbt. Using presentation compiler with project's scala-library version: 3.3.6
2025.05.20 19:49:39 INFO  no build target found for /Users/williamwilson/Projects/scells/build.sbt. Using presentation compiler with project's scala-library version: 3.3.6
2025.05.20 19:49:40 INFO  no build target found for /Users/williamwilson/Projects/scells/build.sbt. Using presentation compiler with project's scala-library version: 3.3.6
2025.05.20 19:49:40 WARN  Could not find semantic tokens for: file:///Users/williamwilson/Projects/scells/build.sbt
2025.05.20 19:49:42 WARN  no build target for: /Users/williamwilson/Projects/scells/build.sbt
2025.05.20 19:49:42 INFO  no build target found for /Users/williamwilson/Projects/scells/build.sbt. Using presentation compiler with project's scala-library version: 3.3.6
2025.05.20 19:49:42 WARN  Could not find semantic tokens for: file:///Users/williamwilson/Projects/scells/build.sbt
2025.05.20 19:49:42 INFO  no build target found for /Users/williamwilson/Projects/scells/build.sbt. Using presentation compiler with project's scala-library version: 3.3.6
2025.05.20 19:49:42 INFO  no build target found for /Users/williamwilson/Projects/scells/build.sbt. Using presentation compiler with project's scala-library version: 3.3.6
2025.05.20 19:49:42 WARN  Could not find semantic tokens for: file:///Users/williamwilson/Projects/scells/build.sbt
2025.05.20 19:50:24 INFO  no build target found for /Users/williamwilson/Projects/scells/project/metals.sbt. Using presentation compiler with project's scala-library version: 3.3.6
2025.05.20 19:50:24 WARN  no build target for: /Users/williamwilson/Projects/scells/project/metals.sbt
2025.05.20 19:50:24 INFO  no build target found for /Users/williamwilson/Projects/scells/project/metals.sbt. Using presentation compiler with project's scala-library version: 3.3.6
2025.05.20 19:50:24 WARN  Could not find semantic tokens for: file:///Users/williamwilson/Projects/scells/project/metals.sbt
2025.05.20 19:50:30 INFO  no build target found for /Users/williamwilson/Projects/scells/project/project/metals.sbt. Using presentation compiler with project's scala-library version: 3.3.6
2025.05.20 19:50:30 WARN  no build target for: /Users/williamwilson/Projects/scells/project/project/metals.sbt
2025.05.20 19:50:30 INFO  no build target found for /Users/williamwilson/Projects/scells/project/project/metals.sbt. Using presentation compiler with project's scala-library version: 3.3.6
2025.05.20 19:50:30 WARN  Could not find semantic tokens for: file:///Users/williamwilson/Projects/scells/project/project/metals.sbt
2025.05.20 19:50:47 WARN  no build target for: /Users/williamwilson/Projects/scells/project/project/metals.sbt
2025.05.20 19:50:47 INFO  no build target found for /Users/williamwilson/Projects/scells/project/project/metals.sbt. Using presentation compiler with project's scala-library version: 3.3.6
2025.05.20 19:50:47 WARN  Could not find semantic tokens for: file:///Users/williamwilson/Projects/scells/project/project/metals.sbt
2025.05.20 19:50:52 WARN  no build target for: /Users/williamwilson/Projects/scells/build.sbt
2025.05.20 19:50:52 INFO  no build target found for /Users/williamwilson/Projects/scells/build.sbt. Using presentation compiler with project's scala-library version: 3.3.6
2025.05.20 19:50:52 INFO  no build target found for /Users/williamwilson/Projects/scells/build.sbt. Using presentation compiler with project's scala-library version: 3.3.6
2025.05.20 19:50:52 WARN  Could not find semantic tokens for: file:///Users/williamwilson/Projects/scells/build.sbt
2025.05.20 19:50:52 INFO  no build target found for /Users/williamwilson/Projects/scells/build.sbt. Using presentation compiler with project's scala-library version: 3.3.6
2025.05.20 19:51:52 INFO  no build target found for /Users/williamwilson/Projects/scells/src/main/scala/org/kleemann/scells/Spreadsheet.scala. Using presentation compiler with project's scala-library version: 3.3.6
2025.05.20 19:52:24 INFO  no build target found for /Users/williamwilson/Projects/scells/build.sbt. Using presentation compiler with project's scala-library version: 3.3.6
2025.05.20 19:52:47 INFO  no build target found for /Users/williamwilson/Projects/scells/project/project/metals.sbt. Using presentation compiler with project's scala-library version: 3.3.6
2025.05.20 19:52:51 INFO  no build target found for /Users/williamwilson/Projects/scells/project/project/metals.sbt. Using presentation compiler with project's scala-library version: 3.3.6
2025.05.20 19:52:51 INFO  no build target found for /Users/williamwilson/Projects/scells/project/project/metals.sbt. Using presentation compiler with project's scala-library version: 3.3.6
2025.05.20 19:52:51 WARN  no build target for: /Users/williamwilson/Projects/scells/project/project/metals.sbt
2025.05.20 19:52:51 INFO  no build target found for /Users/williamwilson/Projects/scells/project/project/metals.sbt. Using presentation compiler with project's scala-library version: 3.3.6
2025.05.20 19:52:51 WARN  Could not find semantic tokens for: file:///Users/williamwilson/Projects/scells/project/project/metals.sbt
2025.05.20 19:52:51 INFO  no build target found for /Users/williamwilson/Projects/scells/project/project/metals.sbt. Using presentation compiler with project's scala-library version: 3.3.6
2025.05.20 19:52:51 WARN  Could not find semantic tokens for: file:///Users/williamwilson/Projects/scells/project/project/metals.sbt
2025.05.20 19:52:53 INFO  no build target found for /Users/williamwilson/Projects/scells/project/project/metals.sbt. Using presentation compiler with project's scala-library version: 3.3.6
2025.05.20 19:52:55 INFO  no build target found for /Users/williamwilson/Projects/scells/project/metals.sbt. Using presentation compiler with project's scala-library version: 3.3.6
2025.05.20 19:52:55 WARN  no build target for: /Users/williamwilson/Projects/scells/project/metals.sbt
2025.05.20 19:52:55 INFO  no build target found for /Users/williamwilson/Projects/scells/project/metals.sbt. Using presentation compiler with project's scala-library version: 3.3.6
2025.05.20 19:52:55 WARN  Could not find semantic tokens for: file:///Users/williamwilson/Projects/scells/project/metals.sbt
2025.05.20 19:52:58 INFO  no build target found for /Users/williamwilson/Projects/scells/build.sbt. Using presentation compiler with project's scala-library version: 3.3.6
2025.05.20 19:52:58 WARN  no build target for: /Users/williamwilson/Projects/scells/build.sbt
2025.05.20 19:52:58 INFO  no build target found for /Users/williamwilson/Projects/scells/build.sbt. Using presentation compiler with project's scala-library version: 3.3.6
2025.05.20 19:52:58 WARN  Could not find semantic tokens for: file:///Users/williamwilson/Projects/scells/build.sbt
2025.05.20 19:52:58 INFO  no build target found for /Users/williamwilson/Projects/scells/build.sbt. Using presentation compiler with project's scala-library version: 3.3.6
2025.05.20 19:53:09 INFO  no build target found for /Users/williamwilson/Projects/scells/src/main/scala/org/kleemann/scells/Main.scala. Using presentation compiler with project's scala-library version: 3.3.6
2025.05.20 19:53:09 INFO  no build target found for /Users/williamwilson/Projects/scells/src/main/scala/org/kleemann/scells/Main.scala. Using presentation compiler with project's scala-library version: 3.3.6
2025.05.20 19:53:09 WARN  no build target for: /Users/williamwilson/Projects/scells/src/main/scala/org/kleemann/scells/Main.scala
2025.05.20 19:53:09 INFO  no build target found for /Users/williamwilson/Projects/scells/src/main/scala/org/kleemann/scells/Main.scala. Using presentation compiler with project's scala-library version: 3.3.6
2025.05.20 19:53:09 INFO  no build target found for /Users/williamwilson/Projects/scells/src/main/scala/org/kleemann/scells/Main.scala. Using presentation compiler with project's scala-library version: 3.3.6
2025.05.20 19:53:10 INFO  no build target found for /Users/williamwilson/Projects/scells/src/main/scala/org/kleemann/scells/Main.scala. Using presentation compiler with project's scala-library version: 3.3.6
2025.05.20 19:53:18 WARN  no build target for: /Users/williamwilson/Projects/scells/build.sbt
2025.05.20 19:53:18 INFO  no build target found for /Users/williamwilson/Projects/scells/build.sbt. Using presentation compiler with project's scala-library version: 3.3.6
2025.05.20 19:53:18 INFO  no build target found for /Users/williamwilson/Projects/scells/build.sbt. Using presentation compiler with project's scala-library version: 3.3.6
2025.05.20 19:53:18 WARN  Could not find semantic tokens for: file:///Users/williamwilson/Projects/scells/build.sbt
2025.05.20 19:53:18 INFO  no build target found for /Users/williamwilson/Projects/scells/build.sbt. Using presentation compiler with project's scala-library version: 3.3.6
2025.05.20 19:53:50 INFO  no build target found for /Users/williamwilson/Projects/scells/src/main/scala/org/kleemann/scells/Main.scala. Using presentation compiler with project's scala-library version: 3.3.6
2025.05.20 19:53:50 INFO  no build target found for /Users/williamwilson/Projects/scells/src/test/scala/HelloSpec.scala. Using presentation compiler with project's scala-library version: 3.3.6
2025.05.20 19:53:50 INFO  no build target found for /Users/williamwilson/Projects/scells/src/test/scala/HelloSpec.scala. Using presentation compiler with project's scala-library version: 3.3.6
2025.05.20 19:53:50 WARN  no build target for: /Users/williamwilson/Projects/scells/src/test/scala/HelloSpec.scala
2025.05.20 19:53:50 INFO  no build target found for /Users/williamwilson/Projects/scells/src/test/scala/HelloSpec.scala. Using presentation compiler with project's scala-library version: 3.3.6
2025.05.20 19:53:50 INFO  no build target found for /Users/williamwilson/Projects/scells/src/test/scala/HelloSpec.scala. Using presentation compiler with project's scala-library version: 3.3.6
2025.05.20 19:54:13 INFO  no build target found for /Users/williamwilson/Projects/scells/src/test/scala/HelloSpec.scala. Using presentation compiler with project's scala-library version: 3.3.6
2025.05.20 19:54:15 INFO  no build target found for /Users/williamwilson/Projects/scells/build.sbt. Using presentation compiler with project's scala-library version: 3.3.6
2025.05.20 19:54:15 WARN  no build target for: /Users/williamwilson/Projects/scells/build.sbt
2025.05.20 19:54:15 INFO  no build target found for /Users/williamwilson/Projects/scells/build.sbt. Using presentation compiler with project's scala-library version: 3.3.6
2025.05.20 19:54:15 WARN  Could not find semantic tokens for: file:///Users/williamwilson/Projects/scells/build.sbt
2025.05.20 19:54:15 INFO  no build target found for /Users/williamwilson/Projects/scells/build.sbt. Using presentation compiler with project's scala-library version: 3.3.6
2025.05.20 19:54:21 INFO  no build target found for /Users/williamwilson/Projects/scells/project/project/metals.sbt. Using presentation compiler with project's scala-library version: 3.3.6
2025.05.20 19:54:21 INFO  no build target found for /Users/williamwilson/Projects/scells/project/project/metals.sbt. Using presentation compiler with project's scala-library version: 3.3.6
2025.05.20 19:54:21 WARN  no build target for: /Users/williamwilson/Projects/scells/project/project/metals.sbt
2025.05.20 19:54:21 INFO  no build target found for /Users/williamwilson/Projects/scells/project/project/metals.sbt. Using presentation compiler with project's scala-library version: 3.3.6
2025.05.20 19:54:21 WARN  Could not find semantic tokens for: file:///Users/williamwilson/Projects/scells/project/project/metals.sbt
2025.05.20 19:54:21 INFO  no build target found for /Users/williamwilson/Projects/scells/project/project/metals.sbt. Using presentation compiler with project's scala-library version: 3.3.6
2025.05.20 19:54:21 WARN  Could not find semantic tokens for: file:///Users/williamwilson/Projects/scells/project/project/metals.sbt
2025.05.20 19:55:30 INFO  no build target found for /Users/williamwilson/Projects/scells/src/main/scala/org/kleemann/scells/Spreadsheet.scala. Using presentation compiler with project's scala-library version: 3.3.6
2025.05.20 19:55:30 WARN  no build target for: /Users/williamwilson/Projects/scells/src/main/scala/org/kleemann/scells/Spreadsheet.scala
2025.05.20 19:55:30 INFO  no build target found for /Users/williamwilson/Projects/scells/project/project/metals.sbt. Using presentation compiler with project's scala-library version: 3.3.6
2025.05.20 19:55:30 WARN  Could not find semantic tokens for: file:///Users/williamwilson/Projects/scells/project/project/metals.sbt
2025.05.20 19:58:30 INFO  no build target found for /Users/williamwilson/Projects/scells/src/main/scala/org/kleemann/scells/Spreadsheet.scala. Using presentation compiler with project's scala-library version: 3.3.6
2025.05.20 19:58:30 WARN  no build target for: /Users/williamwilson/Projects/scells/project/project/metals.sbt
2025.05.20 19:58:30 INFO  no build target found for /Users/williamwilson/Projects/scells/project/project/metals.sbt. Using presentation compiler with project's scala-library version: 3.3.6
2025.05.20 19:58:30 WARN  Could not find semantic tokens for: file:///Users/williamwilson/Projects/scells/project/project/metals.sbt
2025.05.20 20:00:00 INFO  no build target found for /Users/williamwilson/Projects/scells/project/project/metals.sbt. Using presentation compiler with project's scala-library version: 3.3.6
2025.05.20 20:00:00 WARN  Could not find semantic tokens for: file:///Users/williamwilson/Projects/scells/project/project/metals.sbt
2025.05.20 20:00:43 INFO  no build target found for /Users/williamwilson/Projects/scells/project/project/metals.sbt. Using presentation compiler with project's scala-library version: 3.3.6
2025.05.20 20:00:43 INFO  no build target found for /Users/williamwilson/Projects/scells/src/main/scala/org/kleemann/scells/Main.scala. Using presentation compiler with project's scala-library version: 3.3.6
2025.05.20 20:00:43 INFO  no build target found for /Users/williamwilson/Projects/scells/src/main/scala/org/kleemann/scells/Main.scala. Using presentation compiler with project's scala-library version: 3.3.6
2025.05.20 20:00:43 WARN  no build target for: /Users/williamwilson/Projects/scells/src/main/scala/org/kleemann/scells/Main.scala
2025.05.20 20:00:43 INFO  no build target found for /Users/williamwilson/Projects/scells/src/main/scala/org/kleemann/scells/Main.scala. Using presentation compiler with project's scala-library version: 3.3.6
2025.05.20 20:00:43 INFO  no build target found for /Users/williamwilson/Projects/scells/src/main/scala/org/kleemann/scells/Main.scala. Using presentation compiler with project's scala-library version: 3.3.6
2025.05.20 20:00:43 INFO  no build target found for /Users/williamwilson/Projects/scells/src/main/scala/org/kleemann/scells/Main.scala. Using presentation compiler with project's scala-library version: 3.3.6
2025.05.20 20:02:13 INFO  no build target found for /Users/williamwilson/Projects/scells/src/main/scala/org/kleemann/scells/Main.scala. Using presentation compiler with project's scala-library version: 3.3.6
2025.05.20 20:02:13 INFO  no build target found for /Users/williamwilson/Projects/scells/src/main/scala/org/kleemann/scells/Main.scala. Using presentation compiler with project's scala-library version: 3.3.6
2025.05.20 20:08:57 INFO  no build target found for /Users/williamwilson/Projects/scells/src/main/scala/org/kleemann/scells/Spreadsheet.scala. Using presentation compiler with project's scala-library version: 3.3.6
2025.05.20 20:08:57 WARN  no build target for: /Users/williamwilson/Projects/scells/project/project/metals.sbt
2025.05.20 20:08:57 WARN  no build target for: /Users/williamwilson/Projects/scells/src/main/scala/org/kleemann/scells/Spreadsheet.scala
2025.05.20 20:08:57 INFO  no build target found for /Users/williamwilson/Projects/scells/src/main/scala/org/kleemann/scells/Main.scala. Using presentation compiler with project's scala-library version: 3.3.6
2025.05.20 20:08:57 INFO  no build target found for /Users/williamwilson/Projects/scells/project/project/metals.sbt. Using presentation compiler with project's scala-library version: 3.3.6
2025.05.20 20:08:57 INFO  no build target found for /Users/williamwilson/Projects/scells/src/main/scala/org/kleemann/scells/Main.scala. Using presentation compiler with project's scala-library version: 3.3.6
2025.05.20 20:09:14 WARN  no build target for: /Users/williamwilson/Projects/scells/build.sbt
2025.05.20 20:09:14 INFO  no build target found for /Users/williamwilson/Projects/scells/build.sbt. Using presentation compiler with project's scala-library version: 3.3.6
2025.05.20 20:09:14 INFO  no build target found for /Users/williamwilson/Projects/scells/build.sbt. Using presentation compiler with project's scala-library version: 3.3.6
2025.05.20 20:09:14 WARN  Could not find semantic tokens for: file:///Users/williamwilson/Projects/scells/build.sbt
2025.05.20 20:09:14 INFO  no build target found for /Users/williamwilson/Projects/scells/build.sbt. Using presentation compiler with project's scala-library version: 3.3.6
2025.05.20 20:09:15 INFO  no build target found for /Users/williamwilson/Projects/scells/build.sbt. Using presentation compiler with project's scala-library version: 3.3.6
2025.05.20 20:09:20 INFO  no build target found for /Users/williamwilson/Projects/scells/build.sbt. Using presentation compiler with project's scala-library version: 3.3.6
2025.05.20 20:09:20 INFO  no build target found for /Users/williamwilson/Projects/scells/build.sbt. Using presentation compiler with project's scala-library version: 3.3.6
2025.05.20 20:09:20 INFO  no build target found for /Users/williamwilson/Projects/scells/build.sbt. Using presentation compiler with project's scala-library version: 3.3.6
2025.05.20 20:09:20 INFO  no build target found for /Users/williamwilson/Projects/scells/build.sbt. Using presentation compiler with project's scala-library version: 3.3.6
2025.05.20 20:09:20 WARN  Could not find semantic tokens for: file:///Users/williamwilson/Projects/scells/build.sbt
2025.05.20 20:09:23 INFO  no build target found for /Users/williamwilson/Projects/scells/build.sbt. Using presentation compiler with project's scala-library version: 3.3.6
2025.05.20 20:09:24 WARN  no build target for: /Users/williamwilson/Projects/scells/build.sbt
2025.05.20 20:09:24 INFO  no build target found for /Users/williamwilson/Projects/scells/build.sbt. Using presentation compiler with project's scala-library version: 3.3.6
2025.05.20 20:09:24 WARN  Could not find semantic tokens for: file:///Users/williamwilson/Projects/scells/build.sbt
2025.05.20 20:09:24 INFO  no build target found for /Users/williamwilson/Projects/scells/build.sbt. Using presentation compiler with project's scala-library version: 3.3.6
2025.05.20 20:09:24 INFO  no build target found for /Users/williamwilson/Projects/scells/build.sbt. Using presentation compiler with project's scala-library version: 3.3.6
2025.05.20 20:09:24 WARN  Could not find semantic tokens for: file:///Users/williamwilson/Projects/scells/build.sbt
2025.05.20 20:10:49 INFO  no build target found for /Users/williamwilson/Projects/scells/src/main/scala/org/kleemann/scells/Model.scala. Using presentation compiler with project's scala-library version: 3.3.6
2025.05.20 20:10:49 INFO  no build target found for /Users/williamwilson/Projects/scells/src/main/scala/org/kleemann/scells/Model.scala. Using presentation compiler with project's scala-library version: 3.3.6
2025.05.20 20:10:49 WARN  no build target for: /Users/williamwilson/Projects/scells/src/main/scala/org/kleemann/scells/Model.scala
2025.05.20 20:10:49 INFO  no build target found for /Users/williamwilson/Projects/scells/src/main/scala/org/kleemann/scells/Model.scala. Using presentation compiler with project's scala-library version: 3.3.6
2025.05.20 20:10:49 INFO  no build target found for /Users/williamwilson/Projects/scells/src/main/scala/org/kleemann/scells/Model.scala. Using presentation compiler with project's scala-library version: 3.3.6
2025.05.20 20:10:49 INFO  no build target found for /Users/williamwilson/Projects/scells/src/main/scala/org/kleemann/scells/Model.scala. Using presentation compiler with project's scala-library version: 3.3.6
2025.05.20 20:10:52 INFO  no build target found for /Users/williamwilson/Projects/scells/src/main/scala/org/kleemann/scells/Model.scala. Using presentation compiler with project's scala-library version: 3.3.6
2025.05.20 20:10:52 INFO  no build target found for /Users/williamwilson/Projects/scells/src/main/scala/org/kleemann/scells/Model.scala. Using presentation compiler with project's scala-library version: 3.3.6
2025.05.20 20:10:53 INFO  no build target found for /Users/williamwilson/Projects/scells/src/main/scala/org/kleemann/scells/Model.scala. Using presentation compiler with project's scala-library version: 3.3.6
2025.05.20 20:10:53 INFO  no build target found for /Users/williamwilson/Projects/scells/src/main/scala/org/kleemann/scells/Model.scala. Using presentation compiler with project's scala-library version: 3.3.6
2025.05.20 20:10:53 INFO  no build target found for /Users/williamwilson/Projects/scells/src/main/scala/org/kleemann/scells/Model.scala. Using presentation compiler with project's scala-library version: 3.3.6
2025.05.20 20:10:53 INFO  no build target found for /Users/williamwilson/Projects/scells/src/main/scala/org/kleemann/scells/Model.scala. Using presentation compiler with project's scala-library version: 3.3.6
May 20, 2025 8:10:53 PM org.eclipse.lsp4j.jsonrpc.RemoteEndpoint handleCancellation
WARNING: Unmatched cancel notification for request id 595
2025.05.20 20:10:54 INFO  no build target found for /Users/williamwilson/Projects/scells/src/main/scala/org/kleemann/scells/Model.scala. Using presentation compiler with project's scala-library version: 3.3.6
2025.05.20 20:10:54 INFO  no build target found for /Users/williamwilson/Projects/scells/src/main/scala/org/kleemann/scells/Model.scala. Using presentation compiler with project's scala-library version: 3.3.6
2025.05.20 20:10:54 INFO  no build target found for /Users/williamwilson/Projects/scells/src/main/scala/org/kleemann/scells/Model.scala. Using presentation compiler with project's scala-library version: 3.3.6
2025.05.20 20:10:54 INFO  no build target found for /Users/williamwilson/Projects/scells/src/main/scala/org/kleemann/scells/Model.scala. Using presentation compiler with project's scala-library version: 3.3.6
2025.05.20 20:10:54 INFO  no build target found for /Users/williamwilson/Projects/scells/src/main/scala/org/kleemann/scells/Model.scala. Using presentation compiler with project's scala-library version: 3.3.6
2025.05.20 20:10:59 INFO  no build target found for /Users/williamwilson/Projects/scells/src/main/scala/org/kleemann/scells/Model.scala. Using presentation compiler with project's scala-library version: 3.3.6
2025.05.20 20:10:59 INFO  no build target found for /Users/williamwilson/Projects/scells/src/main/scala/org/kleemann/scells/Model.scala. Using presentation compiler with project's scala-library version: 3.3.6
2025.05.20 20:10:59 INFO  no build target found for /Users/williamwilson/Projects/scells/src/main/scala/org/kleemann/scells/Model.scala. Using presentation compiler with project's scala-library version: 3.3.6
2025.05.20 20:11:00 INFO  no build target found for /Users/williamwilson/Projects/scells/src/main/scala/org/kleemann/scells/Model.scala. Using presentation compiler with project's scala-library version: 3.3.6
2025.05.20 20:11:00 INFO  no build target found for /Users/williamwilson/Projects/scells/src/main/scala/org/kleemann/scells/Model.scala. Using presentation compiler with project's scala-library version: 3.3.6
2025.05.20 20:11:00 INFO  no build target found for /Users/williamwilson/Projects/scells/src/main/scala/org/kleemann/scells/Model.scala. Using presentation compiler with project's scala-library version: 3.3.6
2025.05.20 20:11:04 INFO  no build target found for /Users/williamwilson/Projects/scells/src/main/scala/org/kleemann/scells/Model.scala. Using presentation compiler with project's scala-library version: 3.3.6
2025.05.20 20:11:05 INFO  no build target found for /Users/williamwilson/Projects/scells/src/main/scala/org/kleemann/scells/Model.scala. Using presentation compiler with project's scala-library version: 3.3.6
2025.05.20 20:11:05 INFO  no build target found for /Users/williamwilson/Projects/scells/src/main/scala/org/kleemann/scells/Model.scala. Using presentation compiler with project's scala-library version: 3.3.6
2025.05.20 20:11:04 INFO  no build target found for /Users/williamwilson/Projects/scells/src/main/scala/org/kleemann/scells/Model.scala. Using presentation compiler with project's scala-library version: 3.3.6
2025.05.20 20:11:04 INFO  no build target found for /Users/williamwilson/Projects/scells/src/main/scala/org/kleemann/scells/Model.scala. Using presentation compiler with project's scala-library version: 3.3.6
2025.05.20 20:11:05 INFO  no build target found for /Users/williamwilson/Projects/scells/src/main/scala/org/kleemann/scells/Model.scala. Using presentation compiler with project's scala-library version: 3.3.6
2025.05.20 20:11:06 INFO  no build target found for /Users/williamwilson/Projects/scells/src/main/scala/org/kleemann/scells/Model.scala. Using presentation compiler with project's scala-library version: 3.3.6
2025.05.20 20:11:06 INFO  no build target found for /Users/williamwilson/Projects/scells/src/main/scala/org/kleemann/scells/Model.scala. Using presentation compiler with project's scala-library version: 3.3.6
2025.05.20 20:11:06 INFO  no build target found for /Users/williamwilson/Projects/scells/src/main/scala/org/kleemann/scells/Model.scala. Using presentation compiler with project's scala-library version: 3.3.6
2025.05.20 20:11:05 INFO  no build target found for /Users/williamwilson/Projects/scells/src/main/scala/org/kleemann/scells/Model.scala. Using presentation compiler with project's scala-library version: 3.3.6
2025.05.20 20:11:06 INFO  no build target found for /Users/williamwilson/Projects/scells/src/main/scala/org/kleemann/scells/Model.scala. Using presentation compiler with project's scala-library version: 3.3.6
2025.05.20 20:11:06 INFO  no build target found for /Users/williamwilson/Projects/scells/src/main/scala/org/kleemann/scells/Model.scala. Using presentation compiler with project's scala-library version: 3.3.6
2025.05.20 20:11:07 INFO  no build target found for /Users/williamwilson/Projects/scells/src/main/scala/org/kleemann/scells/Model.scala. Using presentation compiler with project's scala-library version: 3.3.6
2025.05.20 20:11:07 INFO  no build target found for /Users/williamwilson/Projects/scells/src/main/scala/org/kleemann/scells/Model.scala. Using presentation compiler with project's scala-library version: 3.3.6
2025.05.20 20:11:08 INFO  no build target found for /Users/williamwilson/Projects/scells/src/main/scala/org/kleemann/scells/Model.scala. Using presentation compiler with project's scala-library version: 3.3.6
2025.05.20 20:11:07 INFO  no build target found for /Users/williamwilson/Projects/scells/src/main/scala/org/kleemann/scells/Model.scala. Using presentation compiler with project's scala-library version: 3.3.6
2025.05.20 20:11:08 INFO  no build target found for /Users/williamwilson/Projects/scells/src/main/scala/org/kleemann/scells/Model.scala. Using presentation compiler with project's scala-library version: 3.3.6
2025.05.20 20:11:07 INFO  no build target found for /Users/williamwilson/Projects/scells/src/main/scala/org/kleemann/scells/Model.scala. Using presentation compiler with project's scala-library version: 3.3.6
2025.05.20 20:11:07 INFO  no build target found for /Users/williamwilson/Projects/scells/src/main/scala/org/kleemann/scells/Model.scala. Using presentation compiler with project's scala-library version: 3.3.6
2025.05.20 20:11:08 INFO  no build target found for /Users/williamwilson/Projects/scells/src/main/scala/org/kleemann/scells/Model.scala. Using presentation compiler with project's scala-library version: 3.3.6
2025.05.20 20:11:08 INFO  no build target found for /Users/williamwilson/Projects/scells/src/main/scala/org/kleemann/scells/Model.scala. Using presentation compiler with project's scala-library version: 3.3.6
2025.05.20 20:11:07 INFO  no build target found for /Users/williamwilson/Projects/scells/src/main/scala/org/kleemann/scells/Model.scala. Using presentation compiler with project's scala-library version: 3.3.6
2025.05.20 20:11:09 INFO  no build target found for /Users/williamwilson/Projects/scells/src/main/scala/org/kleemann/scells/Model.scala. Using presentation compiler with project's scala-library version: 3.3.6
2025.05.20 20:11:10 INFO  no build target found for /Users/williamwilson/Projects/scells/src/main/scala/org/kleemann/scells/Model.scala. Using presentation compiler with project's scala-library version: 3.3.6
2025.05.20 20:11:10 INFO  no build target found for /Users/williamwilson/Projects/scells/src/main/scala/org/kleemann/scells/Model.scala. Using presentation compiler with project's scala-library version: 3.3.6
2025.05.20 20:11:09 INFO  no build target found for /Users/williamwilson/Projects/scells/src/main/scala/org/kleemann/scells/Model.scala. Using presentation compiler with project's scala-library version: 3.3.6
2025.05.20 20:11:11 INFO  no build target found for /Users/williamwilson/Projects/scells/src/main/scala/org/kleemann/scells/Model.scala. Using presentation compiler with project's scala-library version: 3.3.6
2025.05.20 20:11:12 INFO  no build target found for /Users/williamwilson/Projects/scells/src/main/scala/org/kleemann/scells/Model.scala. Using presentation compiler with project's scala-library version: 3.3.6
2025.05.20 20:11:12 INFO  no build target found for /Users/williamwilson/Projects/scells/src/main/scala/org/kleemann/scells/Model.scala. Using presentation compiler with project's scala-library version: 3.3.6
2025.05.20 20:11:11 INFO  no build target found for /Users/williamwilson/Projects/scells/src/main/scala/org/kleemann/scells/Model.scala. Using presentation compiler with project's scala-library version: 3.3.6
2025.05.20 20:11:16 WARN  no build target for: /Users/williamwilson/Projects/scells/src/main/scala/org/kleemann/scells/Model.scala
2025.05.20 20:11:16 INFO  no build target found for /Users/williamwilson/Projects/scells/src/main/scala/org/kleemann/scells/Model.scala. Using presentation compiler with project's scala-library version: 3.3.6
2025.05.20 20:11:16 INFO  no build target found for /Users/williamwilson/Projects/scells/src/main/scala/org/kleemann/scells/Model.scala. Using presentation compiler with project's scala-library version: 3.3.6
2025.05.20 20:11:34 INFO  no build target found for /Users/williamwilson/Projects/scells/src/main/scala/org/kleemann/scells/Model.scala. Using presentation compiler with project's scala-library version: 3.3.6
2025.05.20 20:11:36 INFO  no build target found for /Users/williamwilson/Projects/scells/src/main/scala/org/kleemann/scells/Model.scala. Using presentation compiler with project's scala-library version: 3.3.6
2025.05.20 20:11:36 INFO  no build target found for /Users/williamwilson/Projects/scells/src/main/scala/org/kleemann/scells/Model.scala. Using presentation compiler with project's scala-library version: 3.3.6
2025.05.20 20:11:36 INFO  no build target found for /Users/williamwilson/Projects/scells/src/main/scala/org/kleemann/scells/Model.scala. Using presentation compiler with project's scala-library version: 3.3.6
2025.05.20 20:11:36 INFO  no build target found for /Users/williamwilson/Projects/scells/src/main/scala/org/kleemann/scells/Model.scala. Using presentation compiler with project's scala-library version: 3.3.6
2025.05.20 20:11:36 INFO  no build target found for /Users/williamwilson/Projects/scells/src/main/scala/org/kleemann/scells/Model.scala. Using presentation compiler with project's scala-library version: 3.3.6
2025.05.20 20:11:36 INFO  no build target found for /Users/williamwilson/Projects/scells/src/main/scala/org/kleemann/scells/Model.scala. Using presentation compiler with project's scala-library version: 3.3.6
2025.05.20 20:11:37 INFO  no build target found for /Users/williamwilson/Projects/scells/src/main/scala/org/kleemann/scells/Model.scala. Using presentation compiler with project's scala-library version: 3.3.6
2025.05.20 20:11:37 INFO  no build target found for /Users/williamwilson/Projects/scells/src/main/scala/org/kleemann/scells/Model.scala. Using presentation compiler with project's scala-library version: 3.3.6
2025.05.20 20:11:38 INFO  no build target found for /Users/williamwilson/Projects/scells/src/main/scala/org/kleemann/scells/Model.scala. Using presentation compiler with project's scala-library version: 3.3.6
2025.05.20 20:11:39 INFO  no build target found for /Users/williamwilson/Projects/scells/src/main/scala/org/kleemann/scells/Model.scala. Using presentation compiler with project's scala-library version: 3.3.6
2025.05.20 20:11:39 INFO  no build target found for /Users/williamwilson/Projects/scells/src/main/scala/org/kleemann/scells/Model.scala. Using presentation compiler with project's scala-library version: 3.3.6
2025.05.20 20:11:38 INFO  no build target found for /Users/williamwilson/Projects/scells/src/main/scala/org/kleemann/scells/Model.scala. Using presentation compiler with project's scala-library version: 3.3.6
2025.05.20 20:11:38 INFO  no build target found for /Users/williamwilson/Projects/scells/src/main/scala/org/kleemann/scells/Model.scala. Using presentation compiler with project's scala-library version: 3.3.6
2025.05.20 20:11:38 INFO  no build target found for /Users/williamwilson/Projects/scells/src/main/scala/org/kleemann/scells/Model.scala. Using presentation compiler with project's scala-library version: 3.3.6
2025.05.20 20:11:39 INFO  no build target found for /Users/williamwilson/Projects/scells/src/main/scala/org/kleemann/scells/Model.scala. Using presentation compiler with project's scala-library version: 3.3.6
2025.05.20 20:11:38 INFO  no build target found for /Users/williamwilson/Projects/scells/src/main/scala/org/kleemann/scells/Model.scala. Using presentation compiler with project's scala-library version: 3.3.6
2025.05.20 20:11:39 INFO  no build target found for /Users/williamwilson/Projects/scells/src/main/scala/org/kleemann/scells/Model.scala. Using presentation compiler with project's scala-library version: 3.3.6
2025.05.20 20:11:38 INFO  no build target found for /Users/williamwilson/Projects/scells/src/main/scala/org/kleemann/scells/Model.scala. Using presentation compiler with project's scala-library version: 3.3.6
2025.05.20 20:11:39 INFO  no build target found for /Users/williamwilson/Projects/scells/src/main/scala/org/kleemann/scells/Model.scala. Using presentation compiler with project's scala-library version: 3.3.6
2025.05.20 20:11:39 INFO  no build target found for /Users/williamwilson/Projects/scells/src/main/scala/org/kleemann/scells/Model.scala. Using presentation compiler with project's scala-library version: 3.3.6
2025.05.20 20:11:39 INFO  no build target found for /Users/williamwilson/Projects/scells/src/main/scala/org/kleemann/scells/Model.scala. Using presentation compiler with project's scala-library version: 3.3.6
2025.05.20 20:11:39 INFO  no build target found for /Users/williamwilson/Projects/scells/src/main/scala/org/kleemann/scells/Model.scala. Using presentation compiler with project's scala-library version: 3.3.6
2025.05.20 20:11:40 INFO  no build target found for /Users/williamwilson/Projects/scells/src/main/scala/org/kleemann/scells/Model.scala. Using presentation compiler with project's scala-library version: 3.3.6
2025.05.20 20:11:39 INFO  no build target found for /Users/williamwilson/Projects/scells/src/main/scala/org/kleemann/scells/Model.scala. Using presentation compiler with project's scala-library version: 3.3.6
2025.05.20 20:11:40 INFO  no build target found for /Users/williamwilson/Projects/scells/src/main/scala/org/kleemann/scells/Model.scala. Using presentation compiler with project's scala-library version: 3.3.6
2025.05.20 20:11:43 INFO  no build target found for /Users/williamwilson/Projects/scells/src/main/scala/org/kleemann/scells/Model.scala. Using presentation compiler with project's scala-library version: 3.3.6
2025.05.20 20:11:43 INFO  no build target found for /Users/williamwilson/Projects/scells/src/main/scala/org/kleemann/scells/Model.scala. Using presentation compiler with project's scala-library version: 3.3.6
2025.05.20 20:11:43 INFO  no build target found for /Users/williamwilson/Projects/scells/src/main/scala/org/kleemann/scells/Model.scala. Using presentation compiler with project's scala-library version: 3.3.6
2025.05.20 20:11:43 INFO  no build target found for /Users/williamwilson/Projects/scells/src/main/scala/org/kleemann/scells/Model.scala. Using presentation compiler with project's scala-library version: 3.3.6
2025.05.20 20:11:43 INFO  no build target found for /Users/williamwilson/Projects/scells/src/main/scala/org/kleemann/scells/Model.scala. Using presentation compiler with project's scala-library version: 3.3.6
2025.05.20 20:11:43 INFO  no build target found for /Users/williamwilson/Projects/scells/src/main/scala/org/kleemann/scells/Model.scala. Using presentation compiler with project's scala-library version: 3.3.6
2025.05.20 20:11:46 INFO  no build target found for /Users/williamwilson/Projects/scells/src/main/scala/org/kleemann/scells/Model.scala. Using presentation compiler with project's scala-library version: 3.3.6
2025.05.20 20:11:46 INFO  no build target found for /Users/williamwilson/Projects/scells/src/main/scala/org/kleemann/scells/Model.scala. Using presentation compiler with project's scala-library version: 3.3.6
2025.05.20 20:11:46 INFO  no build target found for /Users/williamwilson/Projects/scells/src/main/scala/org/kleemann/scells/Model.scala. Using presentation compiler with project's scala-library version: 3.3.6
2025.05.20 20:11:46 INFO  no build target found for /Users/williamwilson/Projects/scells/src/main/scala/org/kleemann/scells/Model.scala. Using presentation compiler with project's scala-library version: 3.3.6
2025.05.20 20:11:46 INFO  no build target found for /Users/williamwilson/Projects/scells/src/main/scala/org/kleemann/scells/Model.scala. Using presentation compiler with project's scala-library version: 3.3.6
2025.05.20 20:11:46 INFO  no build target found for /Users/williamwilson/Projects/scells/src/main/scala/org/kleemann/scells/Model.scala. Using presentation compiler with project's scala-library version: 3.3.6
2025.05.20 20:11:46 INFO  no build target found for /Users/williamwilson/Projects/scells/src/main/scala/org/kleemann/scells/Model.scala. Using presentation compiler with project's scala-library version: 3.3.6
2025.05.20 20:11:46 INFO  no build target found for /Users/williamwilson/Projects/scells/src/main/scala/org/kleemann/scells/Model.scala. Using presentation compiler with project's scala-library version: 3.3.6
2025.05.20 20:11:49 WARN  no build target for: /Users/williamwilson/Projects/scells/src/main/scala/org/kleemann/scells/Model.scala
2025.05.20 20:11:49 INFO  no build target found for /Users/williamwilson/Projects/scells/src/main/scala/org/kleemann/scells/Model.scala. Using presentation compiler with project's scala-library version: 3.3.6
2025.05.20 20:11:50 INFO  no build target found for /Users/williamwilson/Projects/scells/src/main/scala/org/kleemann/scells/Model.scala. Using presentation compiler with project's scala-library version: 3.3.6
2025.05.20 20:11:57 INFO  no build target found for /Users/williamwilson/Projects/scells/src/main/scala/org/kleemann/scells/Spreadsheet.scala. Using presentation compiler with project's scala-library version: 3.3.6
2025.05.20 20:11:57 INFO  no build target found for /Users/williamwilson/Projects/scells/project/project/metals.sbt. Using presentation compiler with project's scala-library version: 3.3.6
2025.05.20 20:12:14 INFO  no build target found for /Users/williamwilson/Projects/scells/src/main/scala/org/kleemann/scells/Arithmetic.scala. Using presentation compiler with project's scala-library version: 3.3.6
2025.05.20 20:12:14 WARN  no build target for: /Users/williamwilson/Projects/scells/src/main/scala/org/kleemann/scells/Arithmetic.scala
2025.05.20 20:12:14 INFO  no build target found for /Users/williamwilson/Projects/scells/src/main/scala/org/kleemann/scells/Arithmetic.scala. Using presentation compiler with project's scala-library version: 3.3.6
2025.05.20 20:12:14 INFO  no build target found for /Users/williamwilson/Projects/scells/src/main/scala/org/kleemann/scells/Arithmetic.scala. Using presentation compiler with project's scala-library version: 3.3.6
2025.05.20 20:12:14 INFO  no build target found for /Users/williamwilson/Projects/scells/src/main/scala/org/kleemann/scells/Arithmetic.scala. Using presentation compiler with project's scala-library version: 3.3.6
2025.05.20 20:12:14 INFO  no build target found for /Users/williamwilson/Projects/scells/src/main/scala/org/kleemann/scells/Arithmetic.scala. Using presentation compiler with project's scala-library version: 3.3.6
2025.05.20 20:12:17 INFO  no build target found for /Users/williamwilson/Projects/scells/src/main/scala/org/kleemann/scells/Arithmetic.scala. Using presentation compiler with project's scala-library version: 3.3.6
2025.05.20 20:12:19 INFO  no build target found for /Users/williamwilson/Projects/scells/src/main/scala/org/kleemann/scells/Arithmetic.scala. Using presentation compiler with project's scala-library version: 3.3.6
2025.05.20 20:12:19 INFO  no build target found for /Users/williamwilson/Projects/scells/src/main/scala/org/kleemann/scells/Arithmetic.scala. Using presentation compiler with project's scala-library version: 3.3.6
2025.05.20 20:12:19 INFO  no build target found for /Users/williamwilson/Projects/scells/src/main/scala/org/kleemann/scells/Arithmetic.scala. Using presentation compiler with project's scala-library version: 3.3.6
2025.05.20 20:12:19 INFO  no build target found for /Users/williamwilson/Projects/scells/src/main/scala/org/kleemann/scells/Arithmetic.scala. Using presentation compiler with project's scala-library version: 3.3.6
2025.05.20 20:12:21 WARN  no build target for: /Users/williamwilson/Projects/scells/src/main/scala/org/kleemann/scells/Arithmetic.scala
2025.05.20 20:12:21 INFO  no build target found for /Users/williamwilson/Projects/scells/src/main/scala/org/kleemann/scells/Arithmetic.scala. Using presentation compiler with project's scala-library version: 3.3.6
2025.05.20 20:12:40 INFO  no build target found for /Users/williamwilson/Projects/scells/src/main/scala/org/kleemann/scells/Arithmetic.scala. Using presentation compiler with project's scala-library version: 3.3.6
2025.05.20 20:13:26 INFO  no build target found for /Users/williamwilson/Projects/scells/src/main/scala/org/kleemann/scells/Arithmetic.scala. Using presentation compiler with project's scala-library version: 3.3.6
2025.05.20 20:13:38 INFO  no build target found for /Users/williamwilson/Projects/scells/src/main/scala/org/kleemann/scells/Arithmetic.scala. Using presentation compiler with project's scala-library version: 3.3.6
2025.05.20 20:13:40 INFO  no build target found for /Users/williamwilson/Projects/scells/src/main/scala/org/kleemann/scells/Arithmetic.scala. Using presentation compiler with project's scala-library version: 3.3.6
2025.05.20 20:13:40 INFO  no build target found for /Users/williamwilson/Projects/scells/src/main/scala/org/kleemann/scells/Arithmetic.scala. Using presentation compiler with project's scala-library version: 3.3.6
2025.05.20 20:13:46 INFO  no build target found for /Users/williamwilson/Projects/scells/src/main/scala/org/kleemann/scells/Arithmetic.scala. Using presentation compiler with project's scala-library version: 3.3.6
2025.05.20 20:13:48 INFO  no build target found for /Users/williamwilson/Projects/scells/src/main/scala/org/kleemann/scells/Arithmetic.scala. Using presentation compiler with project's scala-library version: 3.3.6
2025.05.20 20:14:37 INFO  no build target found for /Users/williamwilson/Projects/scells/src/main/scala/org/kleemann/scells/Arithmetic.scala. Using presentation compiler with project's scala-library version: 3.3.6
2025.05.20 20:14:44 INFO  no build target found for /Users/williamwilson/Projects/scells/src/main/scala/org/kleemann/scells/Arithmetic.scala. Using presentation compiler with project's scala-library version: 3.3.6
2025.05.20 20:14:44 INFO  no build target found for /Users/williamwilson/Projects/scells/src/main/scala/org/kleemann/scells/Arithmetic.scala. Using presentation compiler with project's scala-library version: 3.3.6
2025.05.20 20:14:44 INFO  no build target found for /Users/williamwilson/Projects/scells/src/main/scala/org/kleemann/scells/Arithmetic.scala. Using presentation compiler with project's scala-library version: 3.3.6
2025.05.20 20:14:46 INFO  no build target found for /Users/williamwilson/Projects/scells/src/main/scala/org/kleemann/scells/Arithmetic.scala. Using presentation compiler with project's scala-library version: 3.3.6
2025.05.20 20:14:47 INFO  no build target found for /Users/williamwilson/Projects/scells/src/main/scala/org/kleemann/scells/Arithmetic.scala. Using presentation compiler with project's scala-library version: 3.3.6
2025.05.20 20:14:47 INFO  no build target found for /Users/williamwilson/Projects/scells/src/main/scala/org/kleemann/scells/Arithmetic.scala. Using presentation compiler with project's scala-library version: 3.3.6
2025.05.20 20:14:48 INFO  no build target found for /Users/williamwilson/Projects/scells/src/main/scala/org/kleemann/scells/Arithmetic.scala. Using presentation compiler with project's scala-library version: 3.3.6
2025.05.20 20:14:48 INFO  no build target found for /Users/williamwilson/Projects/scells/src/main/scala/org/kleemann/scells/Arithmetic.scala. Using presentation compiler with project's scala-library version: 3.3.6
2025.05.20 20:14:49 WARN  no build target for: /Users/williamwilson/Projects/scells/src/main/scala/org/kleemann/scells/Arithmetic.scala
2025.05.20 20:14:49 INFO  no build target found for /Users/williamwilson/Projects/scells/src/main/scala/org/kleemann/scells/Arithmetic.scala. Using presentation compiler with project's scala-library version: 3.3.6
2025.05.20 20:14:52 INFO  no build target found for /Users/williamwilson/Projects/scells/src/main/scala/org/kleemann/scells/Arithmetic.scala. Using presentation compiler with project's scala-library version: 3.3.6
2025.05.20 20:16:01 INFO  no build target found for /Users/williamwilson/Projects/scells/src/main/scala/org/kleemann/scells/Model.scala. Using presentation compiler with project's scala-library version: 3.3.6
2025.05.20 20:16:01 WARN  no build target for: /Users/williamwilson/Projects/scells/src/main/scala/org/kleemann/scells/Model.scala
2025.05.20 20:16:01 INFO  no build target found for /Users/williamwilson/Projects/scells/src/main/scala/org/kleemann/scells/Model.scala. Using presentation compiler with project's scala-library version: 3.3.6
2025.05.20 20:16:01 INFO  no build target found for /Users/williamwilson/Projects/scells/src/main/scala/org/kleemann/scells/Model.scala. Using presentation compiler with project's scala-library version: 3.3.6
2025.05.20 20:16:01 INFO  no build target found for /Users/williamwilson/Projects/scells/src/main/scala/org/kleemann/scells/Model.scala. Using presentation compiler with project's scala-library version: 3.3.6
2025.05.20 20:16:04 INFO  no build target found for /Users/williamwilson/Projects/scells/src/main/scala/org/kleemann/scells/Model.scala. Using presentation compiler with project's scala-library version: 3.3.6
2025.05.20 20:16:04 INFO  no build target found for /Users/williamwilson/Projects/scells/src/main/scala/org/kleemann/scells/Model.scala. Using presentation compiler with project's scala-library version: 3.3.6
2025.05.20 20:16:04 INFO  no build target found for /Users/williamwilson/Projects/scells/src/main/scala/org/kleemann/scells/Model.scala. Using presentation compiler with project's scala-library version: 3.3.6
2025.05.20 20:16:05 INFO  no build target found for /Users/williamwilson/Projects/scells/src/main/scala/org/kleemann/scells/Model.scala. Using presentation compiler with project's scala-library version: 3.3.6
2025.05.20 20:16:05 INFO  no build target found for /Users/williamwilson/Projects/scells/src/main/scala/org/kleemann/scells/Model.scala. Using presentation compiler with project's scala-library version: 3.3.6
2025.05.20 20:16:05 INFO  no build target found for /Users/williamwilson/Projects/scells/src/main/scala/org/kleemann/scells/Model.scala. Using presentation compiler with project's scala-library version: 3.3.6
2025.05.20 20:16:05 INFO  no build target found for /Users/williamwilson/Projects/scells/src/main/scala/org/kleemann/scells/Model.scala. Using presentation compiler with project's scala-library version: 3.3.6
2025.05.20 20:16:08 INFO  no build target found for /Users/williamwilson/Projects/scells/src/main/scala/org/kleemann/scells/Model.scala. Using presentation compiler with project's scala-library version: 3.3.6
2025.05.20 20:16:08 INFO  no build target found for /Users/williamwilson/Projects/scells/src/main/scala/org/kleemann/scells/Model.scala. Using presentation compiler with project's scala-library version: 3.3.6
2025.05.20 20:16:08 INFO  no build target found for /Users/williamwilson/Projects/scells/src/main/scala/org/kleemann/scells/Model.scala. Using presentation compiler with project's scala-library version: 3.3.6
2025.05.20 20:16:09 INFO  no build target found for /Users/williamwilson/Projects/scells/src/main/scala/org/kleemann/scells/Model.scala. Using presentation compiler with project's scala-library version: 3.3.6
2025.05.20 20:16:08 INFO  no build target found for /Users/williamwilson/Projects/scells/src/main/scala/org/kleemann/scells/Model.scala. Using presentation compiler with project's scala-library version: 3.3.6
2025.05.20 20:16:08 INFO  no build target found for /Users/williamwilson/Projects/scells/src/main/scala/org/kleemann/scells/Model.scala. Using presentation compiler with project's scala-library version: 3.3.6
2025.05.20 20:16:09 INFO  no build target found for /Users/williamwilson/Projects/scells/src/main/scala/org/kleemann/scells/Model.scala. Using presentation compiler with project's scala-library version: 3.3.6
2025.05.20 20:16:09 INFO  no build target found for /Users/williamwilson/Projects/scells/src/main/scala/org/kleemann/scells/Model.scala. Using presentation compiler with project's scala-library version: 3.3.6
2025.05.20 20:16:09 INFO  no build target found for /Users/williamwilson/Projects/scells/src/main/scala/org/kleemann/scells/Model.scala. Using presentation compiler with project's scala-library version: 3.3.6
2025.05.20 20:16:09 INFO  no build target found for /Users/williamwilson/Projects/scells/src/main/scala/org/kleemann/scells/Model.scala. Using presentation compiler with project's scala-library version: 3.3.6
2025.05.20 20:16:09 INFO  no build target found for /Users/williamwilson/Projects/scells/src/main/scala/org/kleemann/scells/Model.scala. Using presentation compiler with project's scala-library version: 3.3.6
2025.05.20 20:16:10 INFO  no build target found for /Users/williamwilson/Projects/scells/src/main/scala/org/kleemann/scells/Model.scala. Using presentation compiler with project's scala-library version: 3.3.6
2025.05.20 20:16:09 INFO  no build target found for /Users/williamwilson/Projects/scells/src/main/scala/org/kleemann/scells/Model.scala. Using presentation compiler with project's scala-library version: 3.3.6
2025.05.20 20:16:09 INFO  no build target found for /Users/williamwilson/Projects/scells/src/main/scala/org/kleemann/scells/Model.scala. Using presentation compiler with project's scala-library version: 3.3.6
2025.05.20 20:16:13 WARN  no build target for: /Users/williamwilson/Projects/scells/src/main/scala/org/kleemann/scells/Model.scala
2025.05.20 20:16:13 INFO  no build target found for /Users/williamwilson/Projects/scells/src/main/scala/org/kleemann/scells/Model.scala. Using presentation compiler with project's scala-library version: 3.3.6
2025.05.20 20:16:13 INFO  no build target found for /Users/williamwilson/Projects/scells/src/main/scala/org/kleemann/scells/Model.scala. Using presentation compiler with project's scala-library version: 3.3.6
2025.05.20 20:16:16 INFO  no build target found for /Users/williamwilson/Projects/scells/src/main/scala/org/kleemann/scells/Model.scala. Using presentation compiler with project's scala-library version: 3.3.6
2025.05.20 20:16:16 INFO  no build target found for /Users/williamwilson/Projects/scells/src/main/scala/org/kleemann/scells/Model.scala. Using presentation compiler with project's scala-library version: 3.3.6
2025.05.20 20:16:16 INFO  no build target found for /Users/williamwilson/Projects/scells/src/main/scala/org/kleemann/scells/Model.scala. Using presentation compiler with project's scala-library version: 3.3.6
2025.05.20 20:16:24 INFO  no build target found for /Users/williamwilson/Projects/scells/src/main/scala/org/kleemann/scells/Model.scala. Using presentation compiler with project's scala-library version: 3.3.6
2025.05.20 20:16:24 INFO  no build target found for /Users/williamwilson/Projects/scells/src/main/scala/org/kleemann/scells/Model.scala. Using presentation compiler with project's scala-library version: 3.3.6
2025.05.20 20:16:24 INFO  no build target found for /Users/williamwilson/Projects/scells/src/main/scala/org/kleemann/scells/Model.scala. Using presentation compiler with project's scala-library version: 3.3.6
2025.05.20 20:16:24 INFO  no build target found for /Users/williamwilson/Projects/scells/src/main/scala/org/kleemann/scells/Model.scala. Using presentation compiler with project's scala-library version: 3.3.6
2025.05.20 20:16:26 INFO  no build target found for /Users/williamwilson/Projects/scells/src/main/scala/org/kleemann/scells/Model.scala. Using presentation compiler with project's scala-library version: 3.3.6
2025.05.20 20:16:26 INFO  no build target found for /Users/williamwilson/Projects/scells/src/main/scala/org/kleemann/scells/Model.scala. Using presentation compiler with project's scala-library version: 3.3.6
2025.05.20 20:16:44 INFO  no build target found for /Users/williamwilson/Projects/scells/src/main/scala/org/kleemann/scells/Model.scala. Using presentation compiler with project's scala-library version: 3.3.6
2025.05.20 20:16:44 INFO  no build target found for /Users/williamwilson/Projects/scells/src/main/scala/org/kleemann/scells/Model.scala. Using presentation compiler with project's scala-library version: 3.3.6
2025.05.20 20:16:44 INFO  no build target found for /Users/williamwilson/Projects/scells/src/main/scala/org/kleemann/scells/Model.scala. Using presentation compiler with project's scala-library version: 3.3.6
2025.05.20 20:16:44 INFO  no build target found for /Users/williamwilson/Projects/scells/src/main/scala/org/kleemann/scells/Arithmetic.scala. Using presentation compiler with project's scala-library version: 3.3.6
2025.05.20 20:16:44 WARN  no build target for: /Users/williamwilson/Projects/scells/src/main/scala/org/kleemann/scells/Arithmetic.scala
2025.05.20 20:16:44 INFO  no build target found for /Users/williamwilson/Projects/scells/src/main/scala/org/kleemann/scells/Arithmetic.scala. Using presentation compiler with project's scala-library version: 3.3.6
2025.05.20 20:16:44 INFO  no build target found for /Users/williamwilson/Projects/scells/src/main/scala/org/kleemann/scells/Arithmetic.scala. Using presentation compiler with project's scala-library version: 3.3.6
2025.05.20 20:16:47 INFO  no build target found for /Users/williamwilson/Projects/scells/src/main/scala/org/kleemann/scells/Arithmetic.scala. Using presentation compiler with project's scala-library version: 3.3.6
2025.05.20 20:16:47 INFO  no build target found for /Users/williamwilson/Projects/scells/src/main/scala/org/kleemann/scells/Arithmetic.scala. Using presentation compiler with project's scala-library version: 3.3.6
2025.05.20 20:16:52 WARN  no build target for: /Users/williamwilson/Projects/scells/src/main/scala/org/kleemann/scells/Main.scala
2025.05.20 20:16:52 INFO  no build target found for /Users/williamwilson/Projects/scells/src/main/scala/org/kleemann/scells/Main.scala. Using presentation compiler with project's scala-library version: 3.3.6
2025.05.20 20:16:52 INFO  no build target found for /Users/williamwilson/Projects/scells/src/main/scala/org/kleemann/scells/Main.scala. Using presentation compiler with project's scala-library version: 3.3.6
2025.05.20 20:16:52 INFO  no build target found for /Users/williamwilson/Projects/scells/src/main/scala/org/kleemann/scells/Main.scala. Using presentation compiler with project's scala-library version: 3.3.6
2025.05.20 20:16:53 WARN  no build target for: /Users/williamwilson/Projects/scells/src/main/scala/org/kleemann/scells/Arithmetic.scala
2025.05.20 20:16:53 INFO  no build target found for /Users/williamwilson/Projects/scells/src/main/scala/org/kleemann/scells/Arithmetic.scala. Using presentation compiler with project's scala-library version: 3.3.6
2025.05.20 20:16:53 INFO  no build target found for /Users/williamwilson/Projects/scells/src/main/scala/org/kleemann/scells/Arithmetic.scala. Using presentation compiler with project's scala-library version: 3.3.6
2025.05.20 20:16:53 INFO  no build target found for /Users/williamwilson/Projects/scells/src/main/scala/org/kleemann/scells/Arithmetic.scala. Using presentation compiler with project's scala-library version: 3.3.6
2025.05.20 20:16:55 WARN  no build target for: /Users/williamwilson/Projects/scells/build.sbt
2025.05.20 20:16:55 INFO  no build target found for /Users/williamwilson/Projects/scells/build.sbt. Using presentation compiler with project's scala-library version: 3.3.6
2025.05.20 20:16:55 INFO  no build target found for /Users/williamwilson/Projects/scells/build.sbt. Using presentation compiler with project's scala-library version: 3.3.6
2025.05.20 20:16:55 WARN  Could not find semantic tokens for: file:///Users/williamwilson/Projects/scells/build.sbt
2025.05.20 20:16:55 INFO  no build target found for /Users/williamwilson/Projects/scells/build.sbt. Using presentation compiler with project's scala-library version: 3.3.6
2025.05.20 20:16:56 WARN  no build target for: /Users/williamwilson/Projects/scells/project/metals.sbt
2025.05.20 20:16:56 INFO  no build target found for /Users/williamwilson/Projects/scells/project/metals.sbt. Using presentation compiler with project's scala-library version: 3.3.6
2025.05.20 20:16:57 INFO  no build target found for /Users/williamwilson/Projects/scells/project/metals.sbt. Using presentation compiler with project's scala-library version: 3.3.6
2025.05.20 20:16:57 WARN  Could not find semantic tokens for: file:///Users/williamwilson/Projects/scells/project/metals.sbt
2025.05.20 20:17:15 INFO  no build target found for /Users/williamwilson/Projects/scells/src/main/scala/org/kleemann/scells/Model.scala. Using presentation compiler with project's scala-library version: 3.3.6
2025.05.20 20:17:15 WARN  no build target for: /Users/williamwilson/Projects/scells/src/main/scala/org/kleemann/scells/Model.scala
2025.05.20 20:17:15 INFO  no build target found for /Users/williamwilson/Projects/scells/src/main/scala/org/kleemann/scells/Model.scala. Using presentation compiler with project's scala-library version: 3.3.6
2025.05.20 20:17:15 INFO  no build target found for /Users/williamwilson/Projects/scells/src/main/scala/org/kleemann/scells/Model.scala. Using presentation compiler with project's scala-library version: 3.3.6
2025.05.20 20:17:15 INFO  no build target found for /Users/williamwilson/Projects/scells/src/main/scala/org/kleemann/scells/Model.scala. Using presentation compiler with project's scala-library version: 3.3.6
2025.05.20 20:17:15 INFO  no build target found for /Users/williamwilson/Projects/scells/src/main/scala/org/kleemann/scells/Model.scala. Using presentation compiler with project's scala-library version: 3.3.6
2025.05.20 20:17:15 INFO  no build target found for /Users/williamwilson/Projects/scells/src/main/scala/org/kleemann/scells/Model.scala. Using presentation compiler with project's scala-library version: 3.3.6
2025.05.20 20:17:17 INFO  no build target found for /Users/williamwilson/Projects/scells/src/main/scala/org/kleemann/scells/Model.scala. Using presentation compiler with project's scala-library version: 3.3.6
2025.05.20 20:17:17 INFO  no build target found for /Users/williamwilson/Projects/scells/src/main/scala/org/kleemann/scells/Model.scala. Using presentation compiler with project's scala-library version: 3.3.6
2025.05.20 20:17:18 INFO  no build target found for /Users/williamwilson/Projects/scells/src/main/scala/org/kleemann/scells/Model.scala. Using presentation compiler with project's scala-library version: 3.3.6
2025.05.20 20:17:18 INFO  no build target found for /Users/williamwilson/Projects/scells/src/main/scala/org/kleemann/scells/Model.scala. Using presentation compiler with project's scala-library version: 3.3.6
2025.05.20 20:17:18 INFO  no build target found for /Users/williamwilson/Projects/scells/src/main/scala/org/kleemann/scells/Model.scala. Using presentation compiler with project's scala-library version: 3.3.6
2025.05.20 20:17:18 INFO  no build target found for /Users/williamwilson/Projects/scells/src/main/scala/org/kleemann/scells/Model.scala. Using presentation compiler with project's scala-library version: 3.3.6
2025.05.20 20:17:20 INFO  no build target found for /Users/williamwilson/Projects/scells/src/main/scala/org/kleemann/scells/Model.scala. Using presentation compiler with project's scala-library version: 3.3.6
May 20, 2025 8:17:20 PM org.eclipse.lsp4j.jsonrpc.RemoteEndpoint handleCancellation
WARNING: Unmatched cancel notification for request id 914
2025.05.20 20:17:20 INFO  no build target found for /Users/williamwilson/Projects/scells/src/main/scala/org/kleemann/scells/Model.scala. Using presentation compiler with project's scala-library version: 3.3.6
2025.05.20 20:17:20 INFO  no build target found for /Users/williamwilson/Projects/scells/src/main/scala/org/kleemann/scells/Model.scala. Using presentation compiler with project's scala-library version: 3.3.6
2025.05.20 20:17:20 INFO  no build target found for /Users/williamwilson/Projects/scells/src/main/scala/org/kleemann/scells/Model.scala. Using presentation compiler with project's scala-library version: 3.3.6
2025.05.20 20:17:20 INFO  no build target found for /Users/williamwilson/Projects/scells/src/main/scala/org/kleemann/scells/Model.scala. Using presentation compiler with project's scala-library version: 3.3.6
2025.05.20 20:17:21 INFO  no build target found for /Users/williamwilson/Projects/scells/src/main/scala/org/kleemann/scells/Model.scala. Using presentation compiler with project's scala-library version: 3.3.6
2025.05.20 20:17:20 INFO  no build target found for /Users/williamwilson/Projects/scells/src/main/scala/org/kleemann/scells/Model.scala. Using presentation compiler with project's scala-library version: 3.3.6
2025.05.20 20:17:20 INFO  no build target found for /Users/williamwilson/Projects/scells/src/main/scala/org/kleemann/scells/Model.scala. Using presentation compiler with project's scala-library version: 3.3.6
2025.05.20 20:17:21 INFO  no build target found for /Users/williamwilson/Projects/scells/src/main/scala/org/kleemann/scells/Model.scala. Using presentation compiler with project's scala-library version: 3.3.6
2025.05.20 20:17:21 INFO  no build target found for /Users/williamwilson/Projects/scells/src/main/scala/org/kleemann/scells/Model.scala. Using presentation compiler with project's scala-library version: 3.3.6
2025.05.20 20:17:22 INFO  no build target found for /Users/williamwilson/Projects/scells/src/main/scala/org/kleemann/scells/Model.scala. Using presentation compiler with project's scala-library version: 3.3.6
2025.05.20 20:17:21 INFO  no build target found for /Users/williamwilson/Projects/scells/src/main/scala/org/kleemann/scells/Model.scala. Using presentation compiler with project's scala-library version: 3.3.6
2025.05.20 20:17:22 INFO  no build target found for /Users/williamwilson/Projects/scells/src/main/scala/org/kleemann/scells/Model.scala. Using presentation compiler with project's scala-library version: 3.3.6
2025.05.20 20:17:23 WARN  no build target for: /Users/williamwilson/Projects/scells/src/main/scala/org/kleemann/scells/Model.scala
2025.05.20 20:17:23 INFO  no build target found for /Users/williamwilson/Projects/scells/src/main/scala/org/kleemann/scells/Model.scala. Using presentation compiler with project's scala-library version: 3.3.6
2025.05.20 20:17:23 INFO  no build target found for /Users/williamwilson/Projects/scells/src/main/scala/org/kleemann/scells/Model.scala. Using presentation compiler with project's scala-library version: 3.3.6
2025.05.20 20:17:25 INFO  no build target found for /Users/williamwilson/Projects/scells/src/main/scala/org/kleemann/scells/Model.scala. Using presentation compiler with project's scala-library version: 3.3.6
2025.05.20 20:17:25 INFO  no build target found for /Users/williamwilson/Projects/scells/src/main/scala/org/kleemann/scells/Model.scala. Using presentation compiler with project's scala-library version: 3.3.6
2025.05.20 20:17:31 INFO  no build target found for /Users/williamwilson/Projects/scells/src/main/scala/org/kleemann/scells/Model.scala. Using presentation compiler with project's scala-library version: 3.3.6
2025.05.20 20:17:31 INFO  no build target found for /Users/williamwilson/Projects/scells/src/main/scala/org/kleemann/scells/Model.scala. Using presentation compiler with project's scala-library version: 3.3.6
2025.05.20 20:17:33 INFO  no build target found for /Users/williamwilson/Projects/scells/src/main/scala/org/kleemann/scells/Model.scala. Using presentation compiler with project's scala-library version: 3.3.6
2025.05.20 20:17:33 INFO  no build target found for /Users/williamwilson/Projects/scells/src/main/scala/org/kleemann/scells/Model.scala. Using presentation compiler with project's scala-library version: 3.3.6
2025.05.20 20:17:34 INFO  no build target found for /Users/williamwilson/Projects/scells/src/main/scala/org/kleemann/scells/Model.scala. Using presentation compiler with project's scala-library version: 3.3.6
2025.05.20 20:17:34 INFO  no build target found for /Users/williamwilson/Projects/scells/src/main/scala/org/kleemann/scells/Model.scala. Using presentation compiler with project's scala-library version: 3.3.6
2025.05.20 20:17:34 INFO  no build target found for /Users/williamwilson/Projects/scells/src/main/scala/org/kleemann/scells/Model.scala. Using presentation compiler with project's scala-library version: 3.3.6
2025.05.20 20:17:35 INFO  no build target found for /Users/williamwilson/Projects/scells/src/main/scala/org/kleemann/scells/Model.scala. Using presentation compiler with project's scala-library version: 3.3.6
2025.05.20 20:17:36 INFO  no build target found for /Users/williamwilson/Projects/scells/src/main/scala/org/kleemann/scells/Model.scala. Using presentation compiler with project's scala-library version: 3.3.6
2025.05.20 20:17:36 INFO  no build target found for /Users/williamwilson/Projects/scells/src/main/scala/org/kleemann/scells/Model.scala. Using presentation compiler with project's scala-library version: 3.3.6
2025.05.20 20:17:36 INFO  no build target found for /Users/williamwilson/Projects/scells/src/main/scala/org/kleemann/scells/Model.scala. Using presentation compiler with project's scala-library version: 3.3.6
2025.05.20 20:17:36 INFO  no build target found for /Users/williamwilson/Projects/scells/src/main/scala/org/kleemann/scells/Model.scala. Using presentation compiler with project's scala-library version: 3.3.6
2025.05.20 20:17:36 INFO  no build target found for /Users/williamwilson/Projects/scells/src/main/scala/org/kleemann/scells/Model.scala. Using presentation compiler with project's scala-library version: 3.3.6
2025.05.20 20:17:37 INFO  no build target found for /Users/williamwilson/Projects/scells/src/main/scala/org/kleemann/scells/Model.scala. Using presentation compiler with project's scala-library version: 3.3.6
2025.05.20 20:17:36 INFO  no build target found for /Users/williamwilson/Projects/scells/src/main/scala/org/kleemann/scells/Model.scala. Using presentation compiler with project's scala-library version: 3.3.6
2025.05.20 20:17:37 INFO  no build target found for /Users/williamwilson/Projects/scells/src/main/scala/org/kleemann/scells/Model.scala. Using presentation compiler with project's scala-library version: 3.3.6
2025.05.20 20:17:38 WARN  no build target for: /Users/williamwilson/Projects/scells/src/main/scala/org/kleemann/scells/Model.scala
2025.05.20 20:17:38 INFO  no build target found for /Users/williamwilson/Projects/scells/src/main/scala/org/kleemann/scells/Model.scala. Using presentation compiler with project's scala-library version: 3.3.6
2025.05.20 20:17:38 INFO  no build target found for /Users/williamwilson/Projects/scells/src/main/scala/org/kleemann/scells/Model.scala. Using presentation compiler with project's scala-library version: 3.3.6
2025.05.20 20:17:55 INFO  no build target found for /Users/williamwilson/Projects/scells/src/main/scala/org/kleemann/scells/Model.scala. Using presentation compiler with project's scala-library version: 3.3.6
May 20, 2025 8:17:55 PM scala.meta.internal.metals.StdReporter $anonfun$create$1
WARNING: empty definition using pc, found symbol in pc: `<none>`. (full report at: /Users/williamwilson/Projects/scells/.metals/.reports/metals-full/2025-05-20/r_empty-definition_20-17-55-570.md)
2025.05.20 20:17:56 INFO  no build target found for /Users/williamwilson/Projects/scells/src/main/scala/org/kleemann/scells/Model.scala. Using presentation compiler with project's scala-library version: 3.3.6
2025.05.20 20:17:56 INFO  no build target found for /Users/williamwilson/Projects/scells/src/main/scala/org/kleemann/scells/Model.scala. Using presentation compiler with project's scala-library version: 3.3.6
2025.05.20 20:18:01 INFO  no build target found for /Users/williamwilson/Projects/scells/src/main/scala/org/kleemann/scells/Model.scala. Using presentation compiler with project's scala-library version: 3.3.6
2025.05.20 20:18:01 INFO  no build target found for /Users/williamwilson/Projects/scells/src/main/scala/org/kleemann/scells/Model.scala. Using presentation compiler with project's scala-library version: 3.3.6
2025.05.20 20:18:07 INFO  no build target found for /Users/williamwilson/Projects/scells/src/main/scala/org/kleemann/scells/Model.scala. Using presentation compiler with project's scala-library version: 3.3.6
2025.05.20 20:18:07 INFO  no build target found for /Users/williamwilson/Projects/scells/src/main/scala/org/kleemann/scells/Model.scala. Using presentation compiler with project's scala-library version: 3.3.6
2025.05.20 20:18:12 INFO  no build target found for /Users/williamwilson/Projects/scells/src/main/scala/org/kleemann/scells/Model.scala. Using presentation compiler with project's scala-library version: 3.3.6
2025.05.20 20:18:12 INFO  no build target found for /Users/williamwilson/Projects/scells/src/main/scala/org/kleemann/scells/Model.scala. Using presentation compiler with project's scala-library version: 3.3.6
2025.05.20 20:18:19 INFO  no build target found for /Users/williamwilson/Projects/scells/src/main/scala/org/kleemann/scells/Arithmetic.scala. Using presentation compiler with project's scala-library version: 3.3.6
2025.05.20 20:18:19 WARN  no build target for: /Users/williamwilson/Projects/scells/src/main/scala/org/kleemann/scells/Arithmetic.scala
2025.05.20 20:18:19 INFO  no build target found for /Users/williamwilson/Projects/scells/src/main/scala/org/kleemann/scells/Arithmetic.scala. Using presentation compiler with project's scala-library version: 3.3.6
2025.05.20 20:18:19 INFO  no build target found for /Users/williamwilson/Projects/scells/src/main/scala/org/kleemann/scells/Arithmetic.scala. Using presentation compiler with project's scala-library version: 3.3.6
2025.05.20 20:18:55 WARN  no build target for: /Users/williamwilson/Projects/scells/src/main/scala/org/kleemann/scells/Model.scala
2025.05.20 20:18:55 INFO  no build target found for /Users/williamwilson/Projects/scells/src/main/scala/org/kleemann/scells/Model.scala. Using presentation compiler with project's scala-library version: 3.3.6
2025.05.20 20:18:55 INFO  no build target found for /Users/williamwilson/Projects/scells/src/main/scala/org/kleemann/scells/Model.scala. Using presentation compiler with project's scala-library version: 3.3.6
2025.05.20 20:18:55 INFO  no build target found for /Users/williamwilson/Projects/scells/src/main/scala/org/kleemann/scells/Model.scala. Using presentation compiler with project's scala-library version: 3.3.6
2025.05.20 20:18:59 INFO  no build target found for /Users/williamwilson/Projects/scells/src/main/scala/org/kleemann/scells/Model.scala. Using presentation compiler with project's scala-library version: 3.3.6
2025.05.20 20:18:59 INFO  no build target found for /Users/williamwilson/Projects/scells/src/main/scala/org/kleemann/scells/Model.scala. Using presentation compiler with project's scala-library version: 3.3.6
2025.05.20 20:18:59 INFO  no build target found for /Users/williamwilson/Projects/scells/src/main/scala/org/kleemann/scells/Model.scala. Using presentation compiler with project's scala-library version: 3.3.6
2025.05.20 20:19:00 INFO  no build target found for /Users/williamwilson/Projects/scells/src/main/scala/org/kleemann/scells/Model.scala. Using presentation compiler with project's scala-library version: 3.3.6
2025.05.20 20:19:03 INFO  no build target found for /Users/williamwilson/Projects/scells/src/main/scala/org/kleemann/scells/Model.scala. Using presentation compiler with project's scala-library version: 3.3.6
2025.05.20 20:19:03 INFO  no build target found for /Users/williamwilson/Projects/scells/src/main/scala/org/kleemann/scells/Model.scala. Using presentation compiler with project's scala-library version: 3.3.6
2025.05.20 20:19:03 INFO  no build target found for /Users/williamwilson/Projects/scells/src/main/scala/org/kleemann/scells/Model.scala. Using presentation compiler with project's scala-library version: 3.3.6
2025.05.20 20:19:03 INFO  no build target found for /Users/williamwilson/Projects/scells/src/main/scala/org/kleemann/scells/Model.scala. Using presentation compiler with project's scala-library version: 3.3.6
2025.05.20 20:19:05 WARN  no build target for: /Users/williamwilson/Projects/scells/src/main/scala/org/kleemann/scells/Model.scala
2025.05.20 20:19:05 INFO  no build target found for /Users/williamwilson/Projects/scells/src/main/scala/org/kleemann/scells/Model.scala. Using presentation compiler with project's scala-library version: 3.3.6
2025.05.20 20:19:05 INFO  no build target found for /Users/williamwilson/Projects/scells/src/main/scala/org/kleemann/scells/Model.scala. Using presentation compiler with project's scala-library version: 3.3.6
2025.05.20 20:20:46 INFO  no build target found for /Users/williamwilson/Projects/scells/src/main/scala/org/kleemann/scells/Model.scala. Using presentation compiler with project's scala-library version: 3.3.6
2025.05.20 20:20:46 INFO  no build target found for /Users/williamwilson/Projects/scells/src/main/scala/org/kleemann/scells/Model.scala. Using presentation compiler with project's scala-library version: 3.3.6
2025.05.20 20:20:46 INFO  no build target found for /Users/williamwilson/Projects/scells/src/main/scala/org/kleemann/scells/Model.scala. Using presentation compiler with project's scala-library version: 3.3.6
2025.05.20 20:20:46 INFO  no build target found for /Users/williamwilson/Projects/scells/src/main/scala/org/kleemann/scells/Model.scala. Using presentation compiler with project's scala-library version: 3.3.6
2025.05.20 20:20:47 INFO  no build target found for /Users/williamwilson/Projects/scells/src/main/scala/org/kleemann/scells/Model.scala. Using presentation compiler with project's scala-library version: 3.3.6
2025.05.20 20:20:47 INFO  no build target found for /Users/williamwilson/Projects/scells/src/main/scala/org/kleemann/scells/Model.scala. Using presentation compiler with project's scala-library version: 3.3.6
2025.05.20 20:20:47 INFO  no build target found for /Users/williamwilson/Projects/scells/src/main/scala/org/kleemann/scells/Model.scala. Using presentation compiler with project's scala-library version: 3.3.6
2025.05.20 20:20:49 INFO  no build target found for /Users/williamwilson/Projects/scells/src/main/scala/org/kleemann/scells/Model.scala. Using presentation compiler with project's scala-library version: 3.3.6
2025.05.20 20:20:49 INFO  no build target found for /Users/williamwilson/Projects/scells/src/main/scala/org/kleemann/scells/Model.scala. Using presentation compiler with project's scala-library version: 3.3.6
2025.05.20 20:20:50 INFO  no build target found for /Users/williamwilson/Projects/scells/src/main/scala/org/kleemann/scells/Model.scala. Using presentation compiler with project's scala-library version: 3.3.6
2025.05.20 20:20:50 INFO  no build target found for /Users/williamwilson/Projects/scells/src/main/scala/org/kleemann/scells/Model.scala. Using presentation compiler with project's scala-library version: 3.3.6
2025.05.20 20:20:50 INFO  no build target found for /Users/williamwilson/Projects/scells/src/main/scala/org/kleemann/scells/Model.scala. Using presentation compiler with project's scala-library version: 3.3.6
2025.05.20 20:20:50 INFO  no build target found for /Users/williamwilson/Projects/scells/src/main/scala/org/kleemann/scells/Model.scala. Using presentation compiler with project's scala-library version: 3.3.6
2025.05.20 20:20:52 INFO  no build target found for /Users/williamwilson/Projects/scells/src/main/scala/org/kleemann/scells/Model.scala. Using presentation compiler with project's scala-library version: 3.3.6
2025.05.20 20:21:27 INFO  no build target found for /Users/williamwilson/Projects/scells/src/main/scala/org/kleemann/scells/Model.scala. Using presentation compiler with project's scala-library version: 3.3.6
2025.05.20 20:21:48 INFO  no build target found for /Users/williamwilson/Projects/scells/src/main/scala/org/kleemann/scells/Model.scala. Using presentation compiler with project's scala-library version: 3.3.6
2025.05.20 20:22:16 INFO  no build target found for /Users/williamwilson/Projects/scells/src/main/scala/org/kleemann/scells/Model.scala. Using presentation compiler with project's scala-library version: 3.3.6
2025.05.20 20:22:16 INFO  no build target found for /Users/williamwilson/Projects/scells/src/main/scala/org/kleemann/scells/Model.scala. Using presentation compiler with project's scala-library version: 3.3.6
2025.05.20 20:22:16 INFO  no build target found for /Users/williamwilson/Projects/scells/src/main/scala/org/kleemann/scells/Model.scala. Using presentation compiler with project's scala-library version: 3.3.6
2025.05.20 20:22:16 INFO  no build target found for /Users/williamwilson/Projects/scells/src/main/scala/org/kleemann/scells/Model.scala. Using presentation compiler with project's scala-library version: 3.3.6
2025.05.20 20:22:16 INFO  no build target found for /Users/williamwilson/Projects/scells/src/main/scala/org/kleemann/scells/Model.scala. Using presentation compiler with project's scala-library version: 3.3.6
2025.05.20 20:22:16 INFO  no build target found for /Users/williamwilson/Projects/scells/src/main/scala/org/kleemann/scells/Model.scala. Using presentation compiler with project's scala-library version: 3.3.6
2025.05.20 20:22:16 INFO  no build target found for /Users/williamwilson/Projects/scells/src/main/scala/org/kleemann/scells/Model.scala. Using presentation compiler with project's scala-library version: 3.3.6
2025.05.20 20:22:16 INFO  no build target found for /Users/williamwilson/Projects/scells/src/main/scala/org/kleemann/scells/Model.scala. Using presentation compiler with project's scala-library version: 3.3.6
2025.05.20 20:22:17 INFO  no build target found for /Users/williamwilson/Projects/scells/src/main/scala/org/kleemann/scells/Model.scala. Using presentation compiler with project's scala-library version: 3.3.6
2025.05.20 20:22:17 INFO  no build target found for /Users/williamwilson/Projects/scells/src/main/scala/org/kleemann/scells/Model.scala. Using presentation compiler with project's scala-library version: 3.3.6
2025.05.20 20:22:17 INFO  no build target found for /Users/williamwilson/Projects/scells/src/main/scala/org/kleemann/scells/Model.scala. Using presentation compiler with project's scala-library version: 3.3.6
2025.05.20 20:22:17 INFO  no build target found for /Users/williamwilson/Projects/scells/src/main/scala/org/kleemann/scells/Model.scala. Using presentation compiler with project's scala-library version: 3.3.6
2025.05.20 20:22:18 INFO  no build target found for /Users/williamwilson/Projects/scells/src/main/scala/org/kleemann/scells/Model.scala. Using presentation compiler with project's scala-library version: 3.3.6
2025.05.20 20:22:18 INFO  no build target found for /Users/williamwilson/Projects/scells/src/main/scala/org/kleemann/scells/Model.scala. Using presentation compiler with project's scala-library version: 3.3.6
2025.05.20 20:22:18 INFO  no build target found for /Users/williamwilson/Projects/scells/src/main/scala/org/kleemann/scells/Model.scala. Using presentation compiler with project's scala-library version: 3.3.6
2025.05.20 20:22:18 INFO  no build target found for /Users/williamwilson/Projects/scells/src/main/scala/org/kleemann/scells/Model.scala. Using presentation compiler with project's scala-library version: 3.3.6
2025.05.20 20:22:18 INFO  no build target found for /Users/williamwilson/Projects/scells/src/main/scala/org/kleemann/scells/Model.scala. Using presentation compiler with project's scala-library version: 3.3.6
2025.05.20 20:22:18 INFO  no build target found for /Users/williamwilson/Projects/scells/src/main/scala/org/kleemann/scells/Model.scala. Using presentation compiler with project's scala-library version: 3.3.6
2025.05.20 20:22:19 INFO  no build target found for /Users/williamwilson/Projects/scells/src/main/scala/org/kleemann/scells/Model.scala. Using presentation compiler with project's scala-library version: 3.3.6
2025.05.20 20:22:19 INFO  no build target found for /Users/williamwilson/Projects/scells/src/main/scala/org/kleemann/scells/Model.scala. Using presentation compiler with project's scala-library version: 3.3.6
2025.05.20 20:22:19 INFO  no build target found for /Users/williamwilson/Projects/scells/src/main/scala/org/kleemann/scells/Model.scala. Using presentation compiler with project's scala-library version: 3.3.6
2025.05.20 20:22:22 WARN  no build target for: /Users/williamwilson/Projects/scells/src/main/scala/org/kleemann/scells/Model.scala
2025.05.20 20:22:22 INFO  no build target found for /Users/williamwilson/Projects/scells/src/main/scala/org/kleemann/scells/Model.scala. Using presentation compiler with project's scala-library version: 3.3.6
2025.05.20 20:22:22 INFO  no build target found for /Users/williamwilson/Projects/scells/src/main/scala/org/kleemann/scells/Model.scala. Using presentation compiler with project's scala-library version: 3.3.6
2025.05.20 20:23:11 INFO  no build target found for /Users/williamwilson/Projects/scells/src/main/scala/org/kleemann/scells/Model.scala. Using presentation compiler with project's scala-library version: 3.3.6
2025.05.20 20:23:18 INFO  no build target found for /Users/williamwilson/Projects/scells/src/main/scala/org/kleemann/scells/Model.scala. Using presentation compiler with project's scala-library version: 3.3.6
2025.05.20 20:23:18 INFO  no build target found for /Users/williamwilson/Projects/scells/src/main/scala/org/kleemann/scells/Model.scala. Using presentation compiler with project's scala-library version: 3.3.6
2025.05.20 20:23:21 INFO  no build target found for /Users/williamwilson/Projects/scells/src/main/scala/org/kleemann/scells/Model.scala. Using presentation compiler with project's scala-library version: 3.3.6
2025.05.20 20:23:21 INFO  no build target found for /Users/williamwilson/Projects/scells/src/main/scala/org/kleemann/scells/Model.scala. Using presentation compiler with project's scala-library version: 3.3.6
2025.05.20 20:23:22 INFO  no build target found for /Users/williamwilson/Projects/scells/src/main/scala/org/kleemann/scells/Model.scala. Using presentation compiler with project's scala-library version: 3.3.6
2025.05.20 20:23:22 INFO  no build target found for /Users/williamwilson/Projects/scells/src/main/scala/org/kleemann/scells/Model.scala. Using presentation compiler with project's scala-library version: 3.3.6
2025.05.20 20:23:24 INFO  no build target found for /Users/williamwilson/Projects/scells/src/main/scala/org/kleemann/scells/Model.scala. Using presentation compiler with project's scala-library version: 3.3.6
2025.05.20 20:23:24 INFO  no build target found for /Users/williamwilson/Projects/scells/src/main/scala/org/kleemann/scells/Model.scala. Using presentation compiler with project's scala-library version: 3.3.6
2025.05.20 20:23:24 INFO  no build target found for /Users/williamwilson/Projects/scells/src/main/scala/org/kleemann/scells/Model.scala. Using presentation compiler with project's scala-library version: 3.3.6
2025.05.20 20:23:24 INFO  no build target found for /Users/williamwilson/Projects/scells/src/main/scala/org/kleemann/scells/Model.scala. Using presentation compiler with project's scala-library version: 3.3.6
2025.05.20 20:23:24 INFO  no build target found for /Users/williamwilson/Projects/scells/src/main/scala/org/kleemann/scells/Model.scala. Using presentation compiler with project's scala-library version: 3.3.6
2025.05.20 20:23:25 INFO  no build target found for /Users/williamwilson/Projects/scells/src/main/scala/org/kleemann/scells/Model.scala. Using presentation compiler with project's scala-library version: 3.3.6
2025.05.20 20:23:25 INFO  no build target found for /Users/williamwilson/Projects/scells/src/main/scala/org/kleemann/scells/Model.scala. Using presentation compiler with project's scala-library version: 3.3.6
2025.05.20 20:23:25 INFO  no build target found for /Users/williamwilson/Projects/scells/src/main/scala/org/kleemann/scells/Model.scala. Using presentation compiler with project's scala-library version: 3.3.6
2025.05.20 20:23:25 INFO  no build target found for /Users/williamwilson/Projects/scells/src/main/scala/org/kleemann/scells/Model.scala. Using presentation compiler with project's scala-library version: 3.3.6
2025.05.20 20:23:25 INFO  no build target found for /Users/williamwilson/Projects/scells/src/main/scala/org/kleemann/scells/Model.scala. Using presentation compiler with project's scala-library version: 3.3.6
2025.05.20 20:23:25 INFO  no build target found for /Users/williamwilson/Projects/scells/src/main/scala/org/kleemann/scells/Model.scala. Using presentation compiler with project's scala-library version: 3.3.6
2025.05.20 20:23:27 WARN  no build target for: /Users/williamwilson/Projects/scells/src/main/scala/org/kleemann/scells/Model.scala
2025.05.20 20:23:27 INFO  no build target found for /Users/williamwilson/Projects/scells/src/main/scala/org/kleemann/scells/Model.scala. Using presentation compiler with project's scala-library version: 3.3.6
2025.05.20 20:23:27 INFO  no build target found for /Users/williamwilson/Projects/scells/src/main/scala/org/kleemann/scells/Model.scala. Using presentation compiler with project's scala-library version: 3.3.6
2025.05.20 20:23:39 INFO  no build target found for /Users/williamwilson/Projects/scells/src/main/scala/org/kleemann/scells/Model.scala. Using presentation compiler with project's scala-library version: 3.3.6
2025.05.20 20:23:39 INFO  no build target found for /Users/williamwilson/Projects/scells/src/main/scala/org/kleemann/scells/Model.scala. Using presentation compiler with project's scala-library version: 3.3.6
2025.05.20 20:23:41 INFO  no build target found for /Users/williamwilson/Projects/scells/src/main/scala/org/kleemann/scells/Model.scala. Using presentation compiler with project's scala-library version: 3.3.6
2025.05.20 20:23:53 INFO  no build target found for /Users/williamwilson/Projects/scells/src/main/scala/org/kleemann/scells/Model.scala. Using presentation compiler with project's scala-library version: 3.3.6
2025.05.20 20:23:53 INFO  no build target found for /Users/williamwilson/Projects/scells/src/main/scala/org/kleemann/scells/Model.scala. Using presentation compiler with project's scala-library version: 3.3.6
2025.05.20 20:24:34 INFO  no build target found for /Users/williamwilson/Projects/scells/src/main/scala/org/kleemann/scells/Model.scala. Using presentation compiler with project's scala-library version: 3.3.6
2025.05.20 20:24:34 INFO  no build target found for /Users/williamwilson/Projects/scells/src/main/scala/org/kleemann/scells/Model.scala. Using presentation compiler with project's scala-library version: 3.3.6
2025.05.20 20:24:35 INFO  no build target found for /Users/williamwilson/Projects/scells/src/main/scala/org/kleemann/scells/Model.scala. Using presentation compiler with project's scala-library version: 3.3.6
2025.05.20 20:24:35 INFO  no build target found for /Users/williamwilson/Projects/scells/src/main/scala/org/kleemann/scells/Model.scala. Using presentation compiler with project's scala-library version: 3.3.6
2025.05.20 20:24:36 INFO  no build target found for /Users/williamwilson/Projects/scells/src/main/scala/org/kleemann/scells/Model.scala. Using presentation compiler with project's scala-library version: 3.3.6
2025.05.20 20:24:36 INFO  no build target found for /Users/williamwilson/Projects/scells/src/main/scala/org/kleemann/scells/Model.scala. Using presentation compiler with project's scala-library version: 3.3.6
2025.05.20 20:24:47 INFO  no build target found for /Users/williamwilson/Projects/scells/src/main/scala/org/kleemann/scells/Model.scala. Using presentation compiler with project's scala-library version: 3.3.6
2025.05.20 20:24:47 INFO  no build target found for /Users/williamwilson/Projects/scells/src/main/scala/org/kleemann/scells/Model.scala. Using presentation compiler with project's scala-library version: 3.3.6
2025.05.20 20:25:08 INFO  no build target found for /Users/williamwilson/Projects/scells/src/main/scala/org/kleemann/scells/Model.scala. Using presentation compiler with project's scala-library version: 3.3.6
2025.05.20 20:25:08 INFO  no build target found for /Users/williamwilson/Projects/scells/src/main/scala/org/kleemann/scells/Model.scala. Using presentation compiler with project's scala-library version: 3.3.6
2025.05.20 20:25:08 INFO  no build target found for /Users/williamwilson/Projects/scells/src/main/scala/org/kleemann/scells/Model.scala. Using presentation compiler with project's scala-library version: 3.3.6
2025.05.20 20:25:08 INFO  no build target found for /Users/williamwilson/Projects/scells/src/main/scala/org/kleemann/scells/Model.scala. Using presentation compiler with project's scala-library version: 3.3.6
2025.05.20 20:25:09 INFO  no build target found for /Users/williamwilson/Projects/scells/src/main/scala/org/kleemann/scells/Model.scala. Using presentation compiler with project's scala-library version: 3.3.6
2025.05.20 20:25:09 INFO  no build target found for /Users/williamwilson/Projects/scells/src/main/scala/org/kleemann/scells/Model.scala. Using presentation compiler with project's scala-library version: 3.3.6
2025.05.20 20:25:09 INFO  no build target found for /Users/williamwilson/Projects/scells/src/main/scala/org/kleemann/scells/Model.scala. Using presentation compiler with project's scala-library version: 3.3.6
2025.05.20 20:25:09 INFO  no build target found for /Users/williamwilson/Projects/scells/src/main/scala/org/kleemann/scells/Model.scala. Using presentation compiler with project's scala-library version: 3.3.6
2025.05.20 20:25:09 INFO  no build target found for /Users/williamwilson/Projects/scells/src/main/scala/org/kleemann/scells/Model.scala. Using presentation compiler with project's scala-library version: 3.3.6
2025.05.20 20:25:09 INFO  no build target found for /Users/williamwilson/Projects/scells/src/main/scala/org/kleemann/scells/Model.scala. Using presentation compiler with project's scala-library version: 3.3.6
2025.05.20 20:25:16 INFO  no build target found for /Users/williamwilson/Projects/scells/src/main/scala/org/kleemann/scells/Model.scala. Using presentation compiler with project's scala-library version: 3.3.6
2025.05.20 20:25:18 INFO  no build target found for /Users/williamwilson/Projects/scells/src/main/scala/org/kleemann/scells/Model.scala. Using presentation compiler with project's scala-library version: 3.3.6
2025.05.20 20:25:18 INFO  no build target found for /Users/williamwilson/Projects/scells/src/main/scala/org/kleemann/scells/Model.scala. Using presentation compiler with project's scala-library version: 3.3.6
2025.05.20 20:25:18 INFO  no build target found for /Users/williamwilson/Projects/scells/src/main/scala/org/kleemann/scells/Model.scala. Using presentation compiler with project's scala-library version: 3.3.6
2025.05.20 20:25:18 INFO  no build target found for /Users/williamwilson/Projects/scells/src/main/scala/org/kleemann/scells/Model.scala. Using presentation compiler with project's scala-library version: 3.3.6
2025.05.20 20:25:18 INFO  no build target found for /Users/williamwilson/Projects/scells/src/main/scala/org/kleemann/scells/Model.scala. Using presentation compiler with project's scala-library version: 3.3.6
2025.05.20 20:25:18 INFO  no build target found for /Users/williamwilson/Projects/scells/src/main/scala/org/kleemann/scells/Model.scala. Using presentation compiler with project's scala-library version: 3.3.6
2025.05.20 20:25:18 INFO  no build target found for /Users/williamwilson/Projects/scells/src/main/scala/org/kleemann/scells/Model.scala. Using presentation compiler with project's scala-library version: 3.3.6
2025.05.20 20:25:18 INFO  no build target found for /Users/williamwilson/Projects/scells/src/main/scala/org/kleemann/scells/Model.scala. Using presentation compiler with project's scala-library version: 3.3.6
2025.05.20 20:25:18 INFO  no build target found for /Users/williamwilson/Projects/scells/src/main/scala/org/kleemann/scells/Model.scala. Using presentation compiler with project's scala-library version: 3.3.6
2025.05.20 20:25:18 INFO  no build target found for /Users/williamwilson/Projects/scells/src/main/scala/org/kleemann/scells/Model.scala. Using presentation compiler with project's scala-library version: 3.3.6
2025.05.20 20:25:18 INFO  no build target found for /Users/williamwilson/Projects/scells/src/main/scala/org/kleemann/scells/Model.scala. Using presentation compiler with project's scala-library version: 3.3.6
2025.05.20 20:25:18 INFO  no build target found for /Users/williamwilson/Projects/scells/src/main/scala/org/kleemann/scells/Model.scala. Using presentation compiler with project's scala-library version: 3.3.6
2025.05.20 20:25:18 INFO  no build target found for /Users/williamwilson/Projects/scells/src/main/scala/org/kleemann/scells/Model.scala. Using presentation compiler with project's scala-library version: 3.3.6
2025.05.20 20:25:18 INFO  no build target found for /Users/williamwilson/Projects/scells/src/main/scala/org/kleemann/scells/Model.scala. Using presentation compiler with project's scala-library version: 3.3.6
2025.05.20 20:25:18 INFO  no build target found for /Users/williamwilson/Projects/scells/src/main/scala/org/kleemann/scells/Model.scala. Using presentation compiler with project's scala-library version: 3.3.6
2025.05.20 20:25:18 INFO  no build target found for /Users/williamwilson/Projects/scells/src/main/scala/org/kleemann/scells/Model.scala. Using presentation compiler with project's scala-library version: 3.3.6
2025.05.20 20:25:18 INFO  no build target found for /Users/williamwilson/Projects/scells/src/main/scala/org/kleemann/scells/Model.scala. Using presentation compiler with project's scala-library version: 3.3.6
2025.05.20 20:25:18 INFO  no build target found for /Users/williamwilson/Projects/scells/src/main/scala/org/kleemann/scells/Model.scala. Using presentation compiler with project's scala-library version: 3.3.6
May 20, 2025 8:25:18 PM org.eclipse.lsp4j.jsonrpc.RemoteEndpoint handleCancellation
WARNING: Unmatched cancel notification for request id 1147
2025.05.20 20:25:18 INFO  no build target found for /Users/williamwilson/Projects/scells/src/main/scala/org/kleemann/scells/Model.scala. Using presentation compiler with project's scala-library version: 3.3.6
2025.05.20 20:25:18 INFO  no build target found for /Users/williamwilson/Projects/scells/src/main/scala/org/kleemann/scells/Model.scala. Using presentation compiler with project's scala-library version: 3.3.6
2025.05.20 20:25:18 INFO  no build target found for /Users/williamwilson/Projects/scells/src/main/scala/org/kleemann/scells/Model.scala. Using presentation compiler with project's scala-library version: 3.3.6
2025.05.20 20:25:18 INFO  no build target found for /Users/williamwilson/Projects/scells/src/main/scala/org/kleemann/scells/Model.scala. Using presentation compiler with project's scala-library version: 3.3.6
2025.05.20 20:25:18 INFO  no build target found for /Users/williamwilson/Projects/scells/src/main/scala/org/kleemann/scells/Model.scala. Using presentation compiler with project's scala-library version: 3.3.6
2025.05.20 20:25:18 INFO  no build target found for /Users/williamwilson/Projects/scells/src/main/scala/org/kleemann/scells/Model.scala. Using presentation compiler with project's scala-library version: 3.3.6
2025.05.20 20:25:18 INFO  no build target found for /Users/williamwilson/Projects/scells/src/main/scala/org/kleemann/scells/Model.scala. Using presentation compiler with project's scala-library version: 3.3.6
2025.05.20 20:25:18 INFO  no build target found for /Users/williamwilson/Projects/scells/src/main/scala/org/kleemann/scells/Model.scala. Using presentation compiler with project's scala-library version: 3.3.6
2025.05.20 20:25:18 INFO  no build target found for /Users/williamwilson/Projects/scells/src/main/scala/org/kleemann/scells/Model.scala. Using presentation compiler with project's scala-library version: 3.3.6
2025.05.20 20:25:19 INFO  no build target found for /Users/williamwilson/Projects/scells/src/main/scala/org/kleemann/scells/Model.scala. Using presentation compiler with project's scala-library version: 3.3.6
2025.05.20 20:25:19 INFO  no build target found for /Users/williamwilson/Projects/scells/src/main/scala/org/kleemann/scells/Model.scala. Using presentation compiler with project's scala-library version: 3.3.6
2025.05.20 20:25:34 INFO  no build target found for /Users/williamwilson/Projects/scells/src/main/scala/org/kleemann/scells/Model.scala. Using presentation compiler with project's scala-library version: 3.3.6
2025.05.20 20:25:34 INFO  no build target found for /Users/williamwilson/Projects/scells/src/main/scala/org/kleemann/scells/Model.scala. Using presentation compiler with project's scala-library version: 3.3.6
2025.05.20 20:25:40 INFO  no build target found for /Users/williamwilson/Projects/scells/src/main/scala/org/kleemann/scells/Model.scala. Using presentation compiler with project's scala-library version: 3.3.6
2025.05.20 20:25:40 INFO  no build target found for /Users/williamwilson/Projects/scells/src/main/scala/org/kleemann/scells/Model.scala. Using presentation compiler with project's scala-library version: 3.3.6
2025.05.20 20:25:41 INFO  no build target found for /Users/williamwilson/Projects/scells/src/main/scala/org/kleemann/scells/Model.scala. Using presentation compiler with project's scala-library version: 3.3.6
2025.05.20 20:25:52 INFO  no build target found for /Users/williamwilson/Projects/scells/src/main/scala/org/kleemann/scells/Model.scala. Using presentation compiler with project's scala-library version: 3.3.6
2025.05.20 20:25:52 INFO  no build target found for /Users/williamwilson/Projects/scells/src/main/scala/org/kleemann/scells/Model.scala. Using presentation compiler with project's scala-library version: 3.3.6
2025.05.20 20:25:52 INFO  no build target found for /Users/williamwilson/Projects/scells/src/main/scala/org/kleemann/scells/Model.scala. Using presentation compiler with project's scala-library version: 3.3.6
2025.05.20 20:25:54 INFO  no build target found for /Users/williamwilson/Projects/scells/src/main/scala/org/kleemann/scells/Model.scala. Using presentation compiler with project's scala-library version: 3.3.6
2025.05.20 20:25:54 INFO  no build target found for /Users/williamwilson/Projects/scells/src/main/scala/org/kleemann/scells/Model.scala. Using presentation compiler with project's scala-library version: 3.3.6
2025.05.20 20:25:54 INFO  no build target found for /Users/williamwilson/Projects/scells/src/main/scala/org/kleemann/scells/Model.scala. Using presentation compiler with project's scala-library version: 3.3.6
2025.05.20 20:25:54 INFO  no build target found for /Users/williamwilson/Projects/scells/src/main/scala/org/kleemann/scells/Model.scala. Using presentation compiler with project's scala-library version: 3.3.6
2025.05.20 20:25:54 INFO  no build target found for /Users/williamwilson/Projects/scells/src/main/scala/org/kleemann/scells/Model.scala. Using presentation compiler with project's scala-library version: 3.3.6
2025.05.20 20:25:54 INFO  no build target found for /Users/williamwilson/Projects/scells/src/main/scala/org/kleemann/scells/Model.scala. Using presentation compiler with project's scala-library version: 3.3.6
2025.05.20 20:25:54 INFO  no build target found for /Users/williamwilson/Projects/scells/src/main/scala/org/kleemann/scells/Model.scala. Using presentation compiler with project's scala-library version: 3.3.6
2025.05.20 20:25:54 INFO  no build target found for /Users/williamwilson/Projects/scells/src/main/scala/org/kleemann/scells/Model.scala. Using presentation compiler with project's scala-library version: 3.3.6
2025.05.20 20:25:54 INFO  no build target found for /Users/williamwilson/Projects/scells/src/main/scala/org/kleemann/scells/Model.scala. Using presentation compiler with project's scala-library version: 3.3.6
2025.05.20 20:25:54 INFO  no build target found for /Users/williamwilson/Projects/scells/src/main/scala/org/kleemann/scells/Model.scala. Using presentation compiler with project's scala-library version: 3.3.6
2025.05.20 20:25:54 INFO  no build target found for /Users/williamwilson/Projects/scells/src/main/scala/org/kleemann/scells/Model.scala. Using presentation compiler with project's scala-library version: 3.3.6
2025.05.20 20:25:54 INFO  no build target found for /Users/williamwilson/Projects/scells/src/main/scala/org/kleemann/scells/Model.scala. Using presentation compiler with project's scala-library version: 3.3.6
2025.05.20 20:25:54 INFO  no build target found for /Users/williamwilson/Projects/scells/src/main/scala/org/kleemann/scells/Model.scala. Using presentation compiler with project's scala-library version: 3.3.6
2025.05.20 20:25:54 INFO  no build target found for /Users/williamwilson/Projects/scells/src/main/scala/org/kleemann/scells/Model.scala. Using presentation compiler with project's scala-library version: 3.3.6
2025.05.20 20:25:54 INFO  no build target found for /Users/williamwilson/Projects/scells/src/main/scala/org/kleemann/scells/Model.scala. Using presentation compiler with project's scala-library version: 3.3.6
2025.05.20 20:25:54 INFO  no build target found for /Users/williamwilson/Projects/scells/src/main/scala/org/kleemann/scells/Model.scala. Using presentation compiler with project's scala-library version: 3.3.6
2025.05.20 20:25:54 INFO  no build target found for /Users/williamwilson/Projects/scells/src/main/scala/org/kleemann/scells/Model.scala. Using presentation compiler with project's scala-library version: 3.3.6
2025.05.20 20:25:54 INFO  no build target found for /Users/williamwilson/Projects/scells/src/main/scala/org/kleemann/scells/Model.scala. Using presentation compiler with project's scala-library version: 3.3.6
2025.05.20 20:25:54 INFO  no build target found for /Users/williamwilson/Projects/scells/src/main/scala/org/kleemann/scells/Model.scala. Using presentation compiler with project's scala-library version: 3.3.6
2025.05.20 20:25:54 INFO  no build target found for /Users/williamwilson/Projects/scells/src/main/scala/org/kleemann/scells/Model.scala. Using presentation compiler with project's scala-library version: 3.3.6
2025.05.20 20:25:55 INFO  no build target found for /Users/williamwilson/Projects/scells/src/main/scala/org/kleemann/scells/Model.scala. Using presentation compiler with project's scala-library version: 3.3.6
2025.05.20 20:25:54 INFO  no build target found for /Users/williamwilson/Projects/scells/src/main/scala/org/kleemann/scells/Model.scala. Using presentation compiler with project's scala-library version: 3.3.6
2025.05.20 20:25:54 INFO  no build target found for /Users/williamwilson/Projects/scells/src/main/scala/org/kleemann/scells/Model.scala. Using presentation compiler with project's scala-library version: 3.3.6
2025.05.20 20:25:55 INFO  no build target found for /Users/williamwilson/Projects/scells/src/main/scala/org/kleemann/scells/Model.scala. Using presentation compiler with project's scala-library version: 3.3.6
2025.05.20 20:25:54 INFO  no build target found for /Users/williamwilson/Projects/scells/src/main/scala/org/kleemann/scells/Model.scala. Using presentation compiler with project's scala-library version: 3.3.6
2025.05.20 20:25:56 INFO  no build target found for /Users/williamwilson/Projects/scells/src/main/scala/org/kleemann/scells/Model.scala. Using presentation compiler with project's scala-library version: 3.3.6
2025.05.20 20:25:58 INFO  no build target found for /Users/williamwilson/Projects/scells/src/main/scala/org/kleemann/scells/Model.scala. Using presentation compiler with project's scala-library version: 3.3.6
2025.05.20 20:26:05 WARN  no build target for: /Users/williamwilson/Projects/scells/src/main/scala/org/kleemann/scells/Model.scala
2025.05.20 20:26:05 INFO  no build target found for /Users/williamwilson/Projects/scells/src/main/scala/org/kleemann/scells/Model.scala. Using presentation compiler with project's scala-library version: 3.3.6
2025.05.20 20:29:36 INFO  no build target found for /Users/williamwilson/Projects/scells/src/main/scala/org/kleemann/scells/Main.scala. Using presentation compiler with project's scala-library version: 3.3.6
2025.05.20 20:29:36 WARN  no build target for: /Users/williamwilson/Projects/scells/src/main/scala/org/kleemann/scells/Main.scala
2025.05.20 20:29:36 INFO  no build target found for /Users/williamwilson/Projects/scells/src/main/scala/org/kleemann/scells/Main.scala. Using presentation compiler with project's scala-library version: 3.3.6
2025.05.20 20:29:36 INFO  no build target found for /Users/williamwilson/Projects/scells/src/main/scala/org/kleemann/scells/Main.scala. Using presentation compiler with project's scala-library version: 3.3.6
2025.05.20 20:31:12 WARN  no build target for: /Users/williamwilson/Projects/scells/src/main/scala/org/kleemann/scells/Model.scala
2025.05.20 20:31:12 INFO  no build target found for /Users/williamwilson/Projects/scells/src/main/scala/org/kleemann/scells/Model.scala. Using presentation compiler with project's scala-library version: 3.3.6
2025.05.20 20:31:12 INFO  no build target found for /Users/williamwilson/Projects/scells/src/main/scala/org/kleemann/scells/Model.scala. Using presentation compiler with project's scala-library version: 3.3.6
2025.05.20 20:31:12 INFO  no build target found for /Users/williamwilson/Projects/scells/src/main/scala/org/kleemann/scells/Model.scala. Using presentation compiler with project's scala-library version: 3.3.6
2025.05.20 20:31:13 INFO  no build target found for /Users/williamwilson/Projects/scells/src/main/scala/org/kleemann/scells/Model.scala. Using presentation compiler with project's scala-library version: 3.3.6
2025.05.20 20:31:13 INFO  no build target found for /Users/williamwilson/Projects/scells/src/main/scala/org/kleemann/scells/Model.scala. Using presentation compiler with project's scala-library version: 3.3.6
2025.05.20 20:31:13 INFO  no build target found for /Users/williamwilson/Projects/scells/src/main/scala/org/kleemann/scells/Model.scala. Using presentation compiler with project's scala-library version: 3.3.6
2025.05.20 20:31:15 INFO  no build target found for /Users/williamwilson/Projects/scells/src/main/scala/org/kleemann/scells/Model.scala. Using presentation compiler with project's scala-library version: 3.3.6
2025.05.20 20:31:15 INFO  no build target found for /Users/williamwilson/Projects/scells/src/main/scala/org/kleemann/scells/Model.scala. Using presentation compiler with project's scala-library version: 3.3.6
2025.05.20 20:31:15 INFO  no build target found for /Users/williamwilson/Projects/scells/src/main/scala/org/kleemann/scells/Model.scala. Using presentation compiler with project's scala-library version: 3.3.6
2025.05.20 20:31:15 INFO  no build target found for /Users/williamwilson/Projects/scells/src/main/scala/org/kleemann/scells/Model.scala. Using presentation compiler with project's scala-library version: 3.3.6
2025.05.20 20:31:15 INFO  no build target found for /Users/williamwilson/Projects/scells/src/main/scala/org/kleemann/scells/Model.scala. Using presentation compiler with project's scala-library version: 3.3.6
2025.05.20 20:31:15 INFO  no build target found for /Users/williamwilson/Projects/scells/src/main/scala/org/kleemann/scells/Model.scala. Using presentation compiler with project's scala-library version: 3.3.6
2025.05.20 20:31:16 INFO  no build target found for /Users/williamwilson/Projects/scells/src/main/scala/org/kleemann/scells/Model.scala. Using presentation compiler with project's scala-library version: 3.3.6
2025.05.20 20:31:16 INFO  no build target found for /Users/williamwilson/Projects/scells/src/main/scala/org/kleemann/scells/Model.scala. Using presentation compiler with project's scala-library version: 3.3.6
2025.05.20 20:31:17 INFO  no build target found for /Users/williamwilson/Projects/scells/src/main/scala/org/kleemann/scells/Model.scala. Using presentation compiler with project's scala-library version: 3.3.6
2025.05.20 20:31:16 INFO  no build target found for /Users/williamwilson/Projects/scells/src/main/scala/org/kleemann/scells/Model.scala. Using presentation compiler with project's scala-library version: 3.3.6
2025.05.20 20:31:17 INFO  no build target found for /Users/williamwilson/Projects/scells/src/main/scala/org/kleemann/scells/Model.scala. Using presentation compiler with project's scala-library version: 3.3.6
2025.05.20 20:31:16 INFO  no build target found for /Users/williamwilson/Projects/scells/src/main/scala/org/kleemann/scells/Model.scala. Using presentation compiler with project's scala-library version: 3.3.6
2025.05.20 20:31:17 INFO  no build target found for /Users/williamwilson/Projects/scells/src/main/scala/org/kleemann/scells/Model.scala. Using presentation compiler with project's scala-library version: 3.3.6
2025.05.20 20:31:17 INFO  no build target found for /Users/williamwilson/Projects/scells/src/main/scala/org/kleemann/scells/Model.scala. Using presentation compiler with project's scala-library version: 3.3.6
2025.05.20 20:31:18 INFO  no build target found for /Users/williamwilson/Projects/scells/src/main/scala/org/kleemann/scells/Model.scala. Using presentation compiler with project's scala-library version: 3.3.6
2025.05.20 20:31:18 INFO  no build target found for /Users/williamwilson/Projects/scells/src/main/scala/org/kleemann/scells/Model.scala. Using presentation compiler with project's scala-library version: 3.3.6
2025.05.20 20:31:18 INFO  no build target found for /Users/williamwilson/Projects/scells/src/main/scala/org/kleemann/scells/Model.scala. Using presentation compiler with project's scala-library version: 3.3.6
2025.05.20 20:31:21 INFO  no build target found for /Users/williamwilson/Projects/scells/src/main/scala/org/kleemann/scells/Model.scala. Using presentation compiler with project's scala-library version: 3.3.6
2025.05.20 20:31:21 INFO  no build target found for /Users/williamwilson/Projects/scells/src/main/scala/org/kleemann/scells/Model.scala. Using presentation compiler with project's scala-library version: 3.3.6
2025.05.20 20:31:21 INFO  no build target found for /Users/williamwilson/Projects/scells/src/main/scala/org/kleemann/scells/Model.scala. Using presentation compiler with project's scala-library version: 3.3.6
2025.05.20 20:31:21 INFO  no build target found for /Users/williamwilson/Projects/scells/src/main/scala/org/kleemann/scells/Model.scala. Using presentation compiler with project's scala-library version: 3.3.6
2025.05.20 20:31:24 WARN  no build target for: /Users/williamwilson/Projects/scells/src/main/scala/org/kleemann/scells/Model.scala
2025.05.20 20:31:24 INFO  no build target found for /Users/williamwilson/Projects/scells/src/main/scala/org/kleemann/scells/Model.scala. Using presentation compiler with project's scala-library version: 3.3.6
2025.05.20 20:31:28 INFO  no build target found for /Users/williamwilson/Projects/scells/src/main/scala/org/kleemann/scells/Model.scala. Using presentation compiler with project's scala-library version: 3.3.6
2025.05.20 20:31:44 INFO  no build target found for /Users/williamwilson/Projects/scells/build.sbt. Using presentation compiler with project's scala-library version: 3.3.6
2025.05.20 20:31:44 WARN  no build target for: /Users/williamwilson/Projects/scells/build.sbt
2025.05.20 20:31:44 INFO  no build target found for /Users/williamwilson/Projects/scells/build.sbt. Using presentation compiler with project's scala-library version: 3.3.6
2025.05.20 20:31:44 WARN  Could not find semantic tokens for: file:///Users/williamwilson/Projects/scells/build.sbt
2025.05.20 20:31:44 INFO  no build target found for /Users/williamwilson/Projects/scells/build.sbt. Using presentation compiler with project's scala-library version: 3.3.6
2025.05.20 20:31:50 INFO  no build target found for /Users/williamwilson/Projects/scells/build.sbt. Using presentation compiler with project's scala-library version: 3.3.6
2025.05.20 20:31:55 INFO  no build target found for /Users/williamwilson/Projects/scells/build.sbt. Using presentation compiler with project's scala-library version: 3.3.6
2025.05.20 20:31:55 INFO  no build target found for /Users/williamwilson/Projects/scells/build.sbt. Using presentation compiler with project's scala-library version: 3.3.6
2025.05.20 20:31:59 INFO  no build target found for /Users/williamwilson/Projects/scells/build.sbt. Using presentation compiler with project's scala-library version: 3.3.6
2025.05.20 20:32:00 INFO  no build target found for /Users/williamwilson/Projects/scells/build.sbt. Using presentation compiler with project's scala-library version: 3.3.6
2025.05.20 20:32:00 INFO  no build target found for /Users/williamwilson/Projects/scells/build.sbt. Using presentation compiler with project's scala-library version: 3.3.6
2025.05.20 20:32:01 INFO  no build target found for /Users/williamwilson/Projects/scells/build.sbt. Using presentation compiler with project's scala-library version: 3.3.6
2025.05.20 20:32:09 INFO  no build target found for /Users/williamwilson/Projects/scells/build.sbt. Using presentation compiler with project's scala-library version: 3.3.6
2025.05.20 20:32:17 WARN  no build target for: /Users/williamwilson/Projects/scells/build.sbt
2025.05.20 20:32:17 INFO  no build target found for /Users/williamwilson/Projects/scells/build.sbt. Using presentation compiler with project's scala-library version: 3.3.6
2025.05.20 20:32:17 WARN  Could not find semantic tokens for: file:///Users/williamwilson/Projects/scells/build.sbt
2025.05.20 20:32:17 INFO  no build target found for /Users/williamwilson/Projects/scells/build.sbt. Using presentation compiler with project's scala-library version: 3.3.6
2025.05.20 20:35:50 INFO  Shutting down server
2025.05.20 20:35:50 INFO  shutting down Metals
2025.05.20 20:35:50 INFO  Exiting server
2025.05.20 20:37:18 INFO  Started: Metals version 1.5.3 in folders '/Users/williamwilson/Projects/scells' for client Visual Studio Code 1.100.2.
2025.05.20 20:37:19 INFO  no build target found for /Users/williamwilson/Projects/scells/build.sbt. Using presentation compiler with project's scala-library version: 3.3.6
2025.05.20 20:37:21 INFO  no build target found for /Users/williamwilson/Projects/scells/build.sbt. Using presentation compiler with project's scala-library version: 3.3.6
2025.05.20 20:37:22 WARN  Could not find semantic tokens for: file:///Users/williamwilson/Projects/scells/build.sbt
2025.05.20 20:37:28 INFO  running '/Users/williamwilson/Library/Application Support/Coursier/bin/sbt -Dbloop.export-jar-classifiers=sources bloopInstall'
2025.05.20 20:37:32 INFO  [info] welcome to sbt 1.10.11 (Oracle Corporation Java 17.0.2)
2025.05.20 20:37:33 INFO  [info] loading settings for project scells-build-build from metals.sbt...
2025.05.20 20:37:33 INFO  [info] loading project definition from /Users/williamwilson/Projects/scells/project/project
2025.05.20 20:37:35 INFO  [info] loading settings for project scells-build from metals.sbt...
2025.05.20 20:37:35 INFO  [info] loading project definition from /Users/williamwilson/Projects/scells/project
2025.05.20 20:37:37 INFO  [success] Generated .bloop/scells-build.json
2025.05.20 20:37:37 INFO  [success] Total time: 2 s, completed May 20, 2025, 8:37:37 PM
2025.05.20 20:37:37 INFO  [info] loading settings for project scells from build.sbt...
2025.05.20 20:37:37 INFO  [info] set current project to scells (in build file:/Users/williamwilson/Projects/scells/)
2025.05.20 20:37:39 INFO  [success] Generated .bloop/scells-test.json
2025.05.20 20:37:39 INFO  [success] Generated .bloop/scells.json
2025.05.20 20:37:39 INFO  [success] Total time: 2 s, completed May 20, 2025, 8:37:39 PM
2025.05.20 20:37:40 INFO  time: ran 'sbt bloopInstall' in 11s
2025.05.20 20:37:40 INFO  Attempting to connect to the build server...
2025.05.20 20:37:40 INFO  No running Bloop server found, starting one.
2025.05.20 20:37:46 INFO  no build target found for /Users/williamwilson/Projects/scells/build.sbt. Using presentation compiler with project's scala-library version: 3.3.6
2025.05.20 20:37:47 INFO  Starting compilation server
2025.05.20 20:37:49 INFO  tracing is disabled for protocol BSP, to enable tracing of incoming and outgoing JSON messages create an empty file at /Users/williamwilson/Projects/scells/.metals/bsp.trace.json or /Users/williamwilson/Library/Caches/org.scalameta.metals/bsp.trace.json
2025.05.20 20:37:52 INFO  Attempting to connect to the build server...
2025.05.20 20:37:52 INFO  Found a Bloop server running
2025.05.20 20:37:52 INFO  tracing is disabled for protocol BSP, to enable tracing of incoming and outgoing JSON messages create an empty file at /Users/williamwilson/Projects/scells/project/.metals/bsp.trace.json or /Users/williamwilson/Library/Caches/org.scalameta.metals/bsp.trace.json
2025.05.20 20:37:53 INFO  time: Connected to build server in 13s
2025.05.20 20:37:52 INFO  Connected to Build server: Bloop v2.0.10
2025.05.20 20:37:53 INFO  time: Imported build in 0.12s
2025.05.20 20:38:21 INFO  time: indexed workspace in 27s
2025.05.20 20:38:27 INFO  time: code lens generation in 5.8s
2025.05.20 20:38:27 INFO  time: code lens generation in 5.91s
2025.05.20 20:38:27 INFO  time: code lens generation in 5.91s
2025.05.20 20:40:45 INFO  compiling scells (7 scala sources)
2025.05.20 20:40:53 INFO  time: compiled scells in 8.31s
2025.05.20 20:46:19 INFO  no build target found for /Users/williamwilson/Projects/scells/project/project/metals.sbt. Using presentation compiler with project's scala-library version: 2.13.14
2025.05.20 20:46:19 WARN  no build target for: /Users/williamwilson/Projects/scells/project/project/metals.sbt
May 20, 2025 8:48:09 PM org.eclipse.lsp4j.jsonrpc.RemoteEndpoint handleNotification
WARNING: Notification threw an exception: {
  "jsonrpc": "2.0",
  "method": "metals/didFocusTextDocument",
  "params": [
    "vscode-chat-code-block://ba680277-a490-4e6b-9088-85e771c9dbae/response_d2a5b8c0-7de0-4235-9a9c-1c55664329ca/0#%7B%22references%22%3A%5B%7B%22uri%22%3A%7B%22%24mid%22%3A1%2C%22fsPath%22%3A%22%2FUsers%2Fwilliamwilson%2FProjects%2Fscells%2Fsrc%2Fmain%2Fscala%2Forg%2Fkleemann%2Fscells%2FArithmetic.scala%22%2C%22external%22%3A%22file%3A%2F%2F%2FUsers%2Fwilliamwilson%2FProjects%2Fscells%2Fsrc%2Fmain%2Fscala%2Forg%2Fkleemann%2Fscells%2FArithmetic.scala%22%2C%22path%22%3A%22%2FUsers%2Fwilliamwilson%2FProjects%2Fscells%2Fsrc%2Fmain%2Fscala%2Forg%2Fkleemann%2Fscells%2FArithmetic.scala%22%2C%22scheme%22%3A%22file%22%7D%7D%5D%7D"
  ]
}
java.nio.file.FileSystemNotFoundException: Provider "vscode-chat-code-block" not installed
	at java.base/java.nio.file.Path.of(Path.java:212)
	at java.base/java.nio.file.Paths.get(Paths.java:98)
	at scala.meta.internal.mtags.MtagsEnrichments$XtensionURIMtags.toAbsolutePath(MtagsEnrichments.scala:130)
	at scala.meta.internal.mtags.MtagsEnrichments$XtensionStringMtags.toAbsolutePath(MtagsEnrichments.scala:190)
	at scala.meta.internal.metals.MetalsEnrichments$XtensionString.toAbsolutePath(MetalsEnrichments.scala:787)
	at scala.meta.internal.metals.MetalsEnrichments$XtensionString.toAbsolutePath(MetalsEnrichments.scala:784)
	at scala.meta.internal.metals.WorkspaceLspService.didFocus(WorkspaceLspService.scala:774)
	at scala.meta.metals.lsp.DelegatingScalaService.didFocus(DelegatingScalaService.scala:42)
	at java.base/jdk.internal.reflect.NativeMethodAccessorImpl.invoke0(Native Method)
	at java.base/jdk.internal.reflect.NativeMethodAccessorImpl.invoke(NativeMethodAccessorImpl.java:77)
	at java.base/jdk.internal.reflect.DelegatingMethodAccessorImpl.invoke(DelegatingMethodAccessorImpl.java:43)
	at java.base/java.lang.reflect.Method.invoke(Method.java:568)
	at org.eclipse.lsp4j.jsonrpc.services.GenericEndpoint.lambda$recursiveFindRpcMethods$0(GenericEndpoint.java:65)
	at org.eclipse.lsp4j.jsonrpc.services.GenericEndpoint.notify(GenericEndpoint.java:160)
	at org.eclipse.lsp4j.jsonrpc.RemoteEndpoint.handleNotification(RemoteEndpoint.java:231)
	at org.eclipse.lsp4j.jsonrpc.RemoteEndpoint.consume(RemoteEndpoint.java:198)
	at org.eclipse.lsp4j.jsonrpc.json.StreamMessageProducer.handleMessage(StreamMessageProducer.java:185)
	at org.eclipse.lsp4j.jsonrpc.json.StreamMessageProducer.listen(StreamMessageProducer.java:97)
	at org.eclipse.lsp4j.jsonrpc.json.ConcurrentMessageProcessor.run(ConcurrentMessageProcessor.java:114)
	at java.base/java.util.concurrent.Executors$RunnableAdapter.call(Executors.java:539)
	at java.base/java.util.concurrent.FutureTask.run(FutureTask.java:264)
	at java.base/java.util.concurrent.ThreadPoolExecutor.runWorker(ThreadPoolExecutor.java:1136)
	at java.base/java.util.concurrent.ThreadPoolExecutor$Worker.run(ThreadPoolExecutor.java:635)
	at java.base/java.lang.Thread.run(Thread.java:833)

2025.05.20 20:48:23 INFO  compiling scells (1 scala source)
2025.05.20 20:48:24 INFO  time: compiled scells in 1.53s
May 20, 2025 8:49:04 PM org.eclipse.lsp4j.jsonrpc.RemoteEndpoint handleNotification
WARNING: Notification threw an exception: {
  "jsonrpc": "2.0",
  "method": "metals/didFocusTextDocument",
  "params": [
    "vscode-chat-code-block://ba680277-a490-4e6b-9088-85e771c9dbae/response_d2a5b8c0-7de0-4235-9a9c-1c55664329ca/0#%7B%22references%22%3A%5B%7B%22uri%22%3A%7B%22%24mid%22%3A1%2C%22fsPath%22%3A%22%2FUsers%2Fwilliamwilson%2FProjects%2Fscells%2Fsrc%2Fmain%2Fscala%2Forg%2Fkleemann%2Fscells%2FArithmetic.scala%22%2C%22external%22%3A%22file%3A%2F%2F%2FUsers%2Fwilliamwilson%2FProjects%2Fscells%2Fsrc%2Fmain%2Fscala%2Forg%2Fkleemann%2Fscells%2FArithmetic.scala%22%2C%22path%22%3A%22%2FUsers%2Fwilliamwilson%2FProjects%2Fscells%2Fsrc%2Fmain%2Fscala%2Forg%2Fkleemann%2Fscells%2FArithmetic.scala%22%2C%22scheme%22%3A%22file%22%7D%7D%5D%7D"
  ]
}
java.nio.file.FileSystemNotFoundException: Provider "vscode-chat-code-block" not installed
	at java.base/java.nio.file.Path.of(Path.java:212)
	at java.base/java.nio.file.Paths.get(Paths.java:98)
	at scala.meta.internal.mtags.MtagsEnrichments$XtensionURIMtags.toAbsolutePath(MtagsEnrichments.scala:130)
	at scala.meta.internal.mtags.MtagsEnrichments$XtensionStringMtags.toAbsolutePath(MtagsEnrichments.scala:190)
	at scala.meta.internal.metals.MetalsEnrichments$XtensionString.toAbsolutePath(MetalsEnrichments.scala:787)
	at scala.meta.internal.metals.MetalsEnrichments$XtensionString.toAbsolutePath(MetalsEnrichments.scala:784)
	at scala.meta.internal.metals.WorkspaceLspService.didFocus(WorkspaceLspService.scala:774)
	at scala.meta.metals.lsp.DelegatingScalaService.didFocus(DelegatingScalaService.scala:42)
	at java.base/jdk.internal.reflect.NativeMethodAccessorImpl.invoke0(Native Method)
	at java.base/jdk.internal.reflect.NativeMethodAccessorImpl.invoke(NativeMethodAccessorImpl.java:77)
	at java.base/jdk.internal.reflect.DelegatingMethodAccessorImpl.invoke(DelegatingMethodAccessorImpl.java:43)
	at java.base/java.lang.reflect.Method.invoke(Method.java:568)
	at org.eclipse.lsp4j.jsonrpc.services.GenericEndpoint.lambda$recursiveFindRpcMethods$0(GenericEndpoint.java:65)
	at org.eclipse.lsp4j.jsonrpc.services.GenericEndpoint.notify(GenericEndpoint.java:160)
	at org.eclipse.lsp4j.jsonrpc.RemoteEndpoint.handleNotification(RemoteEndpoint.java:231)
	at org.eclipse.lsp4j.jsonrpc.RemoteEndpoint.consume(RemoteEndpoint.java:198)
	at org.eclipse.lsp4j.jsonrpc.json.StreamMessageProducer.handleMessage(StreamMessageProducer.java:185)
	at org.eclipse.lsp4j.jsonrpc.json.StreamMessageProducer.listen(StreamMessageProducer.java:97)
	at org.eclipse.lsp4j.jsonrpc.json.ConcurrentMessageProcessor.run(ConcurrentMessageProcessor.java:114)
	at java.base/java.util.concurrent.Executors$RunnableAdapter.call(Executors.java:539)
	at java.base/java.util.concurrent.FutureTask.run(FutureTask.java:264)
	at java.base/java.util.concurrent.ThreadPoolExecutor.runWorker(ThreadPoolExecutor.java:1136)
	at java.base/java.util.concurrent.ThreadPoolExecutor$Worker.run(ThreadPoolExecutor.java:635)
	at java.base/java.lang.Thread.run(Thread.java:833)

2025.05.20 20:49:19 INFO  no build target found for /Users/williamwilson/Projects/scells/project/project/metals.sbt. Using presentation compiler with project's scala-library version: 2.13.14
2025.05.20 20:49:34 INFO  compiling scells (1 scala source)
2025.05.20 20:49:36 INFO  time: compiled scells in 1.09s
2025.05.20 20:49:56 ERROR scala.meta.internal.metals.debug.DiscoveryFailures$NoRunOptionException$: There is nothing to run or test in the current file.
	at scala.meta.internal.metals.debug.DiscoveryFailures$NoRunOptionException$.<clinit>(DiscoveryFailures.scala:62)
	at scala.meta.internal.metals.debug.DebugDiscovery.$anonfun$runOrTestFile$2(DebugDiscovery.scala:314)
	at scala.Option.fold(Option.scala:263)
	at scala.meta.internal.metals.debug.DebugDiscovery.runOrTestFile(DebugDiscovery.scala:256)
	at scala.meta.internal.metals.debug.DebugDiscovery.$anonfun$debugDiscovery$1(DebugDiscovery.scala:176)
	at scala.concurrent.impl.Promise$Transformation.run(Promise.scala:470)
	at java.util.concurrent.ThreadPoolExecutor.runWorker(ThreadPoolExecutor.java:1136)
	at java.util.concurrent.ThreadPoolExecutor$Worker.run(ThreadPoolExecutor.java:635)
	at java.lang.Thread.run(Thread.java:833)

2025.05.20 20:49:56 ERROR scala.meta.internal.metals.debug.DiscoveryFailures$NoRunOptionException$: There is nothing to run or test in the current file.
	at scala.meta.internal.metals.debug.DiscoveryFailures$NoRunOptionException$.<clinit>(DiscoveryFailures.scala:62)
	at scala.meta.internal.metals.debug.DebugDiscovery.$anonfun$runOrTestFile$2(DebugDiscovery.scala:314)
	at scala.Option.fold(Option.scala:263)
	at scala.meta.internal.metals.debug.DebugDiscovery.runOrTestFile(DebugDiscovery.scala:256)
	at scala.meta.internal.metals.debug.DebugDiscovery.$anonfun$debugDiscovery$1(DebugDiscovery.scala:176)
	at scala.concurrent.impl.Promise$Transformation.run(Promise.scala:470)
	at java.util.concurrent.ThreadPoolExecutor.runWorker(ThreadPoolExecutor.java:1136)
	at java.util.concurrent.ThreadPoolExecutor$Worker.run(ThreadPoolExecutor.java:635)
	at java.lang.Thread.run(Thread.java:833)

2025.05.20 20:50:38 ERROR scala.meta.internal.metals.debug.DiscoveryFailures$NoRunOptionException$: There is nothing to run or test in the current file.
	at scala.meta.internal.metals.debug.DiscoveryFailures$NoRunOptionException$.<clinit>(DiscoveryFailures.scala:62)
	at scala.meta.internal.metals.debug.DebugDiscovery.$anonfun$runOrTestFile$2(DebugDiscovery.scala:314)
	at scala.Option.fold(Option.scala:263)
	at scala.meta.internal.metals.debug.DebugDiscovery.runOrTestFile(DebugDiscovery.scala:256)
	at scala.meta.internal.metals.debug.DebugDiscovery.$anonfun$debugDiscovery$1(DebugDiscovery.scala:176)
	at scala.concurrent.impl.Promise$Transformation.run(Promise.scala:470)
	at java.util.concurrent.ThreadPoolExecutor.runWorker(ThreadPoolExecutor.java:1136)
	at java.util.concurrent.ThreadPoolExecutor$Worker.run(ThreadPoolExecutor.java:635)
	at java.lang.Thread.run(Thread.java:833)

2025.05.20 20:50:39 ERROR scala.meta.internal.metals.debug.DiscoveryFailures$NoRunOptionException$: There is nothing to run or test in the current file.
	at scala.meta.internal.metals.debug.DiscoveryFailures$NoRunOptionException$.<clinit>(DiscoveryFailures.scala:62)
	at scala.meta.internal.metals.debug.DebugDiscovery.$anonfun$runOrTestFile$2(DebugDiscovery.scala:314)
	at scala.Option.fold(Option.scala:263)
	at scala.meta.internal.metals.debug.DebugDiscovery.runOrTestFile(DebugDiscovery.scala:256)
	at scala.meta.internal.metals.debug.DebugDiscovery.$anonfun$debugDiscovery$1(DebugDiscovery.scala:176)
	at scala.concurrent.impl.Promise$Transformation.run(Promise.scala:470)
	at java.util.concurrent.ThreadPoolExecutor.runWorker(ThreadPoolExecutor.java:1136)
	at java.util.concurrent.ThreadPoolExecutor$Worker.run(ThreadPoolExecutor.java:635)
	at java.lang.Thread.run(Thread.java:833)

2025.05.20 20:52:58 INFO  compiling scells (1 scala source)
2025.05.20 20:53:00 INFO  time: compiled scells in 1.36s
2025.05.20 20:53:17 INFO  compiling scells (1 scala source)
2025.05.20 20:53:18 INFO  time: compiled scells in 1.2s
May 20, 2025 8:53:28 PM org.eclipse.lsp4j.jsonrpc.RemoteEndpoint handleNotification
WARNING: Notification threw an exception: {
  "jsonrpc": "2.0",
  "method": "metals/didFocusTextDocument",
  "params": [
    "vscode-chat-code-block://ba680277-a490-4e6b-9088-85e771c9dbae/response_2b4220bd-0aed-4ae9-8ebd-ab5e33193d3a/1#%7B%22references%22%3A%5B%7B%22uri%22%3A%7B%22%24mid%22%3A1%2C%22fsPath%22%3A%22%2FUsers%2Fwilliamwilson%2FProjects%2Fscells%2Fsrc%2Fmain%2Fscala%2Forg%2Fkleemann%2Fscells%2FFormulaParsers.scala%22%2C%22external%22%3A%22file%3A%2F%2F%2FUsers%2Fwilliamwilson%2FProjects%2Fscells%2Fsrc%2Fmain%2Fscala%2Forg%2Fkleemann%2Fscells%2FFormulaParsers.scala%22%2C%22path%22%3A%22%2FUsers%2Fwilliamwilson%2FProjects%2Fscells%2Fsrc%2Fmain%2Fscala%2Forg%2Fkleemann%2Fscells%2FFormulaParsers.scala%22%2C%22scheme%22%3A%22file%22%7D%2C%22range%22%3A%7B%22startLineNumber%22%3A19%2C%22startColumn%22%3A1%2C%22endLineNumber%22%3A21%2C%22endColumn%22%3A6%7D%7D%5D%7D"
  ]
}
java.nio.file.FileSystemNotFoundException: Provider "vscode-chat-code-block" not installed
	at java.base/java.nio.file.Path.of(Path.java:212)
	at java.base/java.nio.file.Paths.get(Paths.java:98)
	at scala.meta.internal.mtags.MtagsEnrichments$XtensionURIMtags.toAbsolutePath(MtagsEnrichments.scala:130)
	at scala.meta.internal.mtags.MtagsEnrichments$XtensionStringMtags.toAbsolutePath(MtagsEnrichments.scala:190)
	at scala.meta.internal.metals.MetalsEnrichments$XtensionString.toAbsolutePath(MetalsEnrichments.scala:787)
	at scala.meta.internal.metals.MetalsEnrichments$XtensionString.toAbsolutePath(MetalsEnrichments.scala:784)
	at scala.meta.internal.metals.WorkspaceLspService.didFocus(WorkspaceLspService.scala:774)
	at scala.meta.metals.lsp.DelegatingScalaService.didFocus(DelegatingScalaService.scala:42)
	at jdk.internal.reflect.GeneratedMethodAccessor9.invoke(Unknown Source)
	at java.base/jdk.internal.reflect.DelegatingMethodAccessorImpl.invoke(DelegatingMethodAccessorImpl.java:43)
	at java.base/java.lang.reflect.Method.invoke(Method.java:568)
	at org.eclipse.lsp4j.jsonrpc.services.GenericEndpoint.lambda$recursiveFindRpcMethods$0(GenericEndpoint.java:65)
	at org.eclipse.lsp4j.jsonrpc.services.GenericEndpoint.notify(GenericEndpoint.java:160)
	at org.eclipse.lsp4j.jsonrpc.RemoteEndpoint.handleNotification(RemoteEndpoint.java:231)
	at org.eclipse.lsp4j.jsonrpc.RemoteEndpoint.consume(RemoteEndpoint.java:198)
	at org.eclipse.lsp4j.jsonrpc.json.StreamMessageProducer.handleMessage(StreamMessageProducer.java:185)
	at org.eclipse.lsp4j.jsonrpc.json.StreamMessageProducer.listen(StreamMessageProducer.java:97)
	at org.eclipse.lsp4j.jsonrpc.json.ConcurrentMessageProcessor.run(ConcurrentMessageProcessor.java:114)
	at java.base/java.util.concurrent.Executors$RunnableAdapter.call(Executors.java:539)
	at java.base/java.util.concurrent.FutureTask.run(FutureTask.java:264)
	at java.base/java.util.concurrent.ThreadPoolExecutor.runWorker(ThreadPoolExecutor.java:1136)
	at java.base/java.util.concurrent.ThreadPoolExecutor$Worker.run(ThreadPoolExecutor.java:635)
	at java.base/java.lang.Thread.run(Thread.java:833)

2025.05.20 20:53:43 INFO  compiling scells (1 scala source)
2025.05.20 20:53:44 INFO  time: compiled scells in 1.13s
2025.05.20 20:59:58 INFO  compiling scells (1 scala source)
2025.05.20 21:00:00 INFO  time: compiled scells in 1.13s
May 20, 2025 9:05:31 PM org.eclipse.lsp4j.jsonrpc.services.GenericEndpoint notify
INFO: Unsupported notification method: $/setTrace
